U	m
BARCODE000001-1	238
BARCODE000002-1	250
BARCODE000003-1	246
BARCODE000004-1	285
BARCODE000005-1	189
BARCODE000006-1	202
BARCODE000007-1	231
BARCODE000008-1	204
BARCODE000009-1	341
BARCODE000010-1	276
BARCODE000011-1	299
BARCODE000012-1	297
BARCODE000013-1	244
BARCODE000014-1	203
BARCODE000015-1	224
BARCODE000016-1	209
BARCODE000017-1	262
BARCODE000018-1	188
BARCODE000019-1	209
BARCODE000020-1	212
BARCODE000021-1	167
BARCODE000022-1	246
BARCODE000023-1	263
BARCODE000024-1	259
BARCODE000025-1	234
BARCODE000026-1	150
BARCODE000027-1	251
BARCODE000028-1	202
BARCODE000029-1	188
BARCODE000030-1	283
BARCODE000031-1	209
BARCODE000032-1	264
BARCODE000033-1	309
BARCODE000034-1	276
BARCODE000035-1	174
BARCODE000036-1	187
BARCODE000037-1	232
BARCODE000038-1	247
BARCODE000039-1	280
BARCODE000040-1	214
BARCODE000041-1	249
BARCODE000042-1	213
BARCODE000043-1	281
BARCODE000044-1	274
BARCODE000045-1	294
BARCODE000046-1	206
BARCODE000047-1	234
BARCODE000048-1	208
BARCODE000049-1	225
BARCODE000050-1	154
BARCODE000051-1	233
BARCODE000052-1	227
BARCODE000053-1	166
BARCODE000054-1	229
BARCODE000055-1	230
BARCODE000056-1	189
BARCODE000057-1	250
BARCODE000058-1	233
BARCODE000059-1	212
BARCODE000060-1	264
BARCODE000061-1	283
BARCODE000062-1	332
BARCODE000063-1	235
BARCODE000064-1	223
BARCODE000065-1	238
BARCODE000066-1	265
BARCODE000067-1	194
BARCODE000068-1	308
BARCODE000069-1	217
BARCODE000070-1	267
BARCODE000071-1	336
BARCODE000072-1	241
BARCODE000073-1	205
BARCODE000074-1	221
BARCODE000075-1	216
BARCODE000076-1	209
BARCODE000077-1	215
BARCODE000078-1	199
BARCODE000079-1	267
BARCODE000080-1	255
BARCODE000081-1	209
BARCODE000082-1	228
BARCODE000083-1	206
BARCODE000084-1	220
BARCODE000085-1	247
BARCODE000086-1	194
BARCODE000087-1	213
BARCODE000088-1	178
BARCODE000089-1	236
BARCODE000090-1	203
BARCODE000091-1	273
BARCODE000092-1	215
BARCODE000093-1	245
BARCODE000094-1	286
BARCODE000095-1	229
BARCODE000096-1	268
BARCODE000097-1	183
BARCODE000098-1	169
BARCODE000099-1	170
BARCODE000100-1	188
BARCODE000101-1	282
BARCODE000102-1	225
BARCODE000103-1	205
BARCODE000104-1	265
BARCODE000105-1	214
BARCODE000106-1	245
BARCODE000107-1	260
BARCODE000108-1	212
BARCODE000109-1	271
BARCODE000110-1	220
BARCODE000111-1	273
BARCODE000112-1	246
BARCODE000113-1	267
BARCODE000114-1	174
BARCODE000115-1	239
BARCODE000116-1	236
BARCODE000117-1	309
BARCODE000118-1	294
BARCODE000119-1	194
BARCODE000120-1	270
BARCODE000121-1	241
BARCODE000122-1	237
BARCODE000123-1	181
BARCODE000124-1	234
BARCODE000125-1	280
BARCODE000126-1	246
BARCODE000127-1	249
BARCODE000128-1	276
BARCODE000129-1	237
BARCODE000130-1	261
BARCODE000131-1	265
BARCODE000132-1	270
BARCODE000133-1	207
BARCODE000134-1	259
BARCODE000135-1	229
BARCODE000136-1	310
BARCODE000137-1	286
BARCODE000138-1	307
BARCODE000139-1	274
BARCODE000140-1	299
BARCODE000141-1	245
BARCODE000142-1	197
BARCODE000143-1	256
BARCODE000144-1	251
BARCODE000145-1	261
BARCODE000146-1	298
BARCODE000147-1	311
BARCODE000148-1	298
BARCODE000149-1	258
BARCODE000150-1	316

U	V	m
BARCODE000001-1	BARCODE000002-1	9
BARCODE000001-1	BARCODE000003-1	23
BARCODE000001-1	BARCODE000006-1	5
BARCODE000001-1	BARCODE000007-1	27
BARCODE000001-1	BARCODE000009-1	12
BARCODE000001-1	BARCODE000010-1	14
BARCODE000001-1	BARCODE000015-1	6
BARCODE000001-1	BARCODE000016-1	29
BARCODE000001-1	BARCODE000022-1	17
BARCODE000001-1	BARCODE000023-1	11
BARCODE000001-1	BARCODE000028-1	10
BARCODE000001-1	BARCODE000029-1	12
BARCODE000001-1	BARCODE000033-1	18
BARCODE000001-1	BARCODE000034-1	17
BARCODE000001-1	BARCODE000036-1	23
BARCODE000001-1	BARCODE000039-1	5
BARCODE000001-1	BARCODE000040-1	9
BARCODE000001-1	BARCODE000041-1	7
BARCODE000001-1	BARCODE000042-1	13
BARCODE000001-1	BARCODE000044-1	10
BARCODE000001-1	BARCODE000045-1	28
BARCODE000001-1	BARCODE000046-1	7
BARCODE000001-1	BARCODE000049-1	6
BARCODE000001-1	BARCODE000050-1	10
BARCODE000002-1	BARCODE000004-1	4
BARCODE000002-1	BARCODE000005-1	4
BARCODE000002-1	BARCODE000006-1	26
BARCODE000002-1	BARCODE000007-1	11
BARCODE000002-1	BARCODE000012-1	13
BARCODE000002-1	BARCODE000014-1	4
BARCODE000002-1	BARCODE000015-1	5
BARCODE000002-1	BARCODE000020-1	12
BARCODE000002-1	BARCODE000021-1	32
BARCODE000002-1	BARCODE000023-1	20
BARCODE000002-1	BARCODE000024-1	5
BARCODE000002-1	BARCODE000029-1	11
BARCODE000002-1	BARCODE000033-1	41
BARCODE000002-1	BARCODE000034-1	16
BARCODE000002-1	BARCODE000037-1	3
BARCODE000002-1	BARCODE000038-1	19
BARCODE000002-1	BARCODE000039-1	17
BARCODE000002-1	BARCODE000043-1	29
BARCODE000002-1	BARCODE000045-1	14
BARCODE000002-1	BARCODE000046-1	5
BARCODE000002-1	BARCODE000047-1	6
BARCODE000002-1	BARCODE000048-1	5
BARCODE000003-1	BARCODE000005-1	22
BARCODE000003-1	BARCODE000006-1	8
BARCODE000003-1	BARCODE000007-1	12
BARCODE000003-1	BARCODE000008-1	12
BARCODE000003-1	BARCODE000009-1	3
BARCODE000003-1	BARCODE000010-1	4
BARCODE000003-1	BARCODE000012-1	2
BARCODE000003-1	BARCODE000013-1	16
BARCODE000003-1	BARCODE000014-1	2
BARCODE000003-1	BARCODE000016-1	3
BARCODE000003-1	BARCODE000018-1	7
BARCODE000003-1	BARCODE000019-1	4
BARCODE000003-1	BARCODE000020-1	8
BARCODE000003-1	BARCODE000022-1	10
BARCODE000003-1	BARCODE000023-1	8
BARCODE000003-1	BARCODE000028-1	11
BARCODE000003-1	BARCODE000030-1	4
BARCODE000003-1	BARCODE000031-1	20
BARCODE000003-1	BARCODE000033-1	18
BARCODE000003-1	BARCODE000035-1	18
BARCODE000003-1	BARCODE000036-1	18
BARCODE000003-1	BARCODE000037-1	35
BARCODE000003-1	BARCODE000039-1	4
BARCODE000003-1	BARCODE000041-1	22
BARCODE000003-1	BARCODE000043-1	8
BARCODE000003-1	BARCODE000044-1	8
BARCODE000003-1	BARCODE000045-1	15
BARCODE000003-1	BARCODE000046-1	5
BARCODE000003-1	BARCODE000049-1	38
BARCODE000003-1	BARCODE000050-1	6
BARCODE000004-1	BARCODE000007-1	14
BARCODE000004-1	BARCODE000008-1	71
BARCODE000004-1	BARCODE000009-1	5
BARCODE000004-1	BARCODE000013-1	8
BARCODE000004-1	BARCODE000014-1	24
BARCODE000004-1	BARCODE000015-1	6
BARCODE000004-1	BARCODE000017-1	18
BARCODE000004-1	BARCODE000019-1	2
BARCODE000004-1	BARCODE000021-1	21
BARCODE000004-1	BARCODE000022-1	4
BARCODE000004-1	BARCODE000023-1	14
BARCODE000004-1	BARCODE000024-1	27
BARCODE000004-1	BARCODE000026-1	9
BARCODE000004-1	BARCODE000030-1	4
BARCODE000004-1	BARCODE000033-1	36
BARCODE000004-1	BARCODE000034-1	12
BARCODE000004-1	BARCODE000035-1	15
BARCODE000004-1	BARCODE000036-1	2
BARCODE000004-1	BARCODE000037-1	20
BARCODE000004-1	BARCODE000042-1	15
BARCODE000004-1	BARCODE000043-1	23
BARCODE000004-1	BARCODE000044-1	7
BARCODE000004-1	BARCODE000045-1	33
BARCODE000004-1	BARCODE000049-1	4
BARCODE000005-1	BARCODE000009-1	6
BARCODE000005-1	BARCODE000011-1	7
BARCODE000005-1	BARCODE000012-1	28
BARCODE000005-1	BARCODE000013-1	6
BARCODE000005-1	BARCODE000015-1	14
BARCODE000005-1	BARCODE000017-1	17
BARCODE000005-1	BARCODE000021-1	14
BARCODE000005-1	BARCODE000022-1	3
BARCODE000005-1	BARCODE000023-1	25
BARCODE000005-1	BARCODE000024-1	27
BARCODE000005-1	BARCODE000029-1	8
BARCODE000005-1	BARCODE000030-1	22
BARCODE000005-1	BARCODE000032-1	9
BARCODE000005-1	BARCODE000033-1	6
BARCODE000005-1	BARCODE000037-1	2
BARCODE000005-1	BARCODE000038-1	14
BARCODE000005-1	BARCODE000039-1	3
BARCODE000005-1	BARCODE000040-1	16
BARCODE000005-1	BARCODE000042-1	9
BARCODE000005-1	BARCODE000046-1	2
BARCODE000005-1	BARCODE000049-1	10
BARCODE000006-1	BARCODE000008-1	3
BARCODE000006-1	BARCODE000009-1	5
BARCODE000006-1	BARCODE000010-1	10
BARCODE000006-1	BARCODE000013-1	30
BARCODE000006-1	BARCODE000015-1	12
BARCODE000006-1	BARCODE000018-1	4
BARCODE000006-1	BARCODE000022-1	2
BARCODE000006-1	BARCODE000025-1	8
BARCODE000006-1	BARCODE000027-1	15
BARCODE000006-1	BARCODE000028-1	18
BARCODE000006-1	BARCODE000029-1	3
BARCODE000006-1	BARCODE000032-1	18
BARCODE000006-1	BARCODE000038-1	22
BARCODE000006-1	BARCODE000039-1	3
BARCODE000006-1	BARCODE000040-1	15
BARCODE000006-1	BARCODE000041-1	8
BARCODE000006-1	BARCODE000043-1	29
BARCODE000006-1	BARCODE000045-1	7
BARCODE000006-1	BARCODE000047-1	22
BARCODE000006-1	BARCODE000048-1	8
BARCODE000007-1	BARCODE000010-1	27
BARCODE000007-1	BARCODE000015-1	15
BARCODE000007-1	BARCODE000016-1	24
BARCODE000007-1	BARCODE000018-1	5
BARCODE000007-1	BARCODE000020-1	10
BARCODE000007-1	BARCODE000021-1	18
BARCODE000007-1	BARCODE000023-1	10
BARCODE000007-1	BARCODE000024-1	16
BARCODE000007-1	BARCODE000026-1	5
BARCODE000007-1	BARCODE000027-1	9
BARCODE000007-1	BARCODE000028-1	6
BARCODE000007-1	BARCODE000030-1	11
BARCODE000007-1	BARCODE000033-1	12
BARCODE000007-1	BARCODE000034-1	3
BARCODE000007-1	BARCODE000035-1	9
BARCODE000007-1	BARCODE000036-1	7
BARCODE000007-1	BARCODE000037-1	12
BARCODE000007-1	BARCODE000039-1	8
BARCODE000007-1	BARCODE000041-1	18
BARCODE000007-1	BARCODE000042-1	7
BARCODE000007-1	BARCODE000044-1	2
BARCODE000007-1	BARCODE000045-1	5
BARCODE000007-1	BARCODE000046-1	13
BARCODE000007-1	BARCODE000047-1	12
BARCODE000007-1	BARCODE000049-1	10
BARCODE000008-1	BARCODE000009-1	15
BARCODE000008-1	BARCODE000012-1	3
BARCODE000008-1	BARCODE000015-1	11
BARCODE000008-1	BARCODE000017-1	16
BARCODE000008-1	BARCODE000022-1	15
BARCODE000008-1	BARCODE000024-1	17
BARCODE000008-1	BARCODE000027-1	22
BARCODE000008-1	BARCODE000030-1	18
BARCODE000008-1	BARCODE000032-1	12
BARCODE000008-1	BARCODE000035-1	16
BARCODE000008-1	BARCODE000039-1	18
BARCODE000008-1	BARCODE000040-1	7
BARCODE000008-1	BARCODE000043-1	6
BARCODE000008-1	BARCODE000044-1	14
BARCODE000008-1	BARCODE000046-1	2
BARCODE000008-1	BARCODE000049-1	9
BARCODE000009-1	BARCODE000010-1	15
BARCODE000009-1	BARCODE000011-1	7
BARCODE000009-1	BARCODE000012-1	5
BARCODE000009-1	BARCODE000013-1	9
BARCODE000009-1	BARCODE000015-1	2
BARCODE000009-1	BARCODE000016-1	23
BARCODE000009-1	BARCODE000017-1	12
BARCODE000009-1	BARCODE000018-1	12
BARCODE000009-1	BARCODE000020-1	8
BARCODE000009-1	BARCODE000021-1	15
BARCODE000009-1	BARCODE000022-1	15
BARCODE000009-1	BARCODE000023-1	27
BARCODE000009-1	BARCODE000024-1	34
BARCODE000009-1	BARCODE000030-1	7
BARCODE000009-1	BARCODE000032-1	29
BARCODE000009-1	BARCODE000034-1	6
BARCODE000009-1	BARCODE000038-1	30
BARCODE000009-1	BARCODE000039-1	43
BARCODE000009-1	BARCODE000043-1	24
BARCODE000009-1	BARCODE000045-1	21
BARCODE000009-1	BARCODE000046-1	36
BARCODE000009-1	BARCODE000047-1	23
BARCODE000009-1	BARCODE000048-1	24
BARCODE000010-1	BARCODE000012-1	24
BARCODE000010-1	BARCODE000013-1	5
BARCODE000010-1	BARCODE000014-1	7
BARCODE000010-1	BARCODE000015-1	13
BARCODE000010-1	BARCODE000016-1	22
BARCODE000010-1	BARCODE000018-1	11
BARCODE000010-1	BARCODE000019-1	47
BARCODE000010-1	BARCODE000020-1	18
BARCODE000010-1	BARCODE000023-1	5
BARCODE000010-1	BARCODE000024-1	15
BARCODE000010-1	BARCODE000025-1	15
BARCODE000010-1	BARCODE000026-1	10
BARCODE000010-1	BARCODE000027-1	4
BARCODE000010-1	BARCODE000034-1	13
BARCODE000010-1	BARCODE000037-1	4
BARCODE000010-1	BARCODE000039-1	11
BARCODE000010-1	BARCODE000040-1	38
BARCODE000010-1	BARCODE000041-1	9
BARCODE000010-1	BARCODE000044-1	25
BARCODE000010-1	BARCODE000046-1	11
BARCODE000010-1	BARCODE000048-1	40
BARCODE000010-1	BARCODE000049-1	3
BARCODE000011-1	BARCODE000014-1	42
BARCODE000011-1	BARCODE000015-1	17
BARCODE000011-1	BARCODE000016-1	8
BARCODE000011-1	BARCODE000019-1	20
BARCODE000011-1	BARCODE000021-1	17
BARCODE000011-1	BARCODE000022-1	14
BARCODE000011-1	BARCODE000023-1	4
BARCODE000011-1	BARCODE000024-1	22
BARCODE000011-1	BARCODE000025-1	2
BARCODE000011-1	BARCODE000026-1	11
BARCODE000011-1	BARCODE000027-1	30
BARCODE000011-1	BARCODE000028-1	10
BARCODE000011-1	BARCODE000029-1	2
BARCODE000011-1	BARCODE000030-1	26
BARCODE000011-1	BARCODE000032-1	20
BARCODE000011-1	BARCODE000033-1	13
BARCODE000011-1	BARCODE000035-1	22
BARCODE000011-1	BARCODE000037-1	17
BARCODE000011-1	BARCODE000038-1	4
BARCODE000011-1	BARCODE000040-1	2
BARCODE000011-1	BARCODE000042-1	45
BARCODE000011-1	BARCODE000043-1	5
BARCODE000011-1	BARCODE000044-1	17
BARCODE000011-1	BARCODE000047-1	32
BARCODE000011-1	BARCODE000048-1	15
BARCODE000011-1	BARCODE000049-1	22
BARCODE000011-1	BARCODE000050-1	3
BARCODE000012-1	BARCODE000013-1	15
BARCODE000012-1	BARCODE000017-1	18
BARCODE000012-1	BARCODE000018-1	8
BARCODE000012-1	BARCODE000019-1	14
BARCODE000012-1	BARCODE000021-1	19
BARCODE000012-1	BARCODE000022-1	14
BARCODE000012-1	BARCODE000025-1	13
BARCODE000012-1	BARCODE000026-1	16
BARCODE000012-1	BARCODE000029-1	24
BARCODE000012-1	BARCODE000030-1	20
BARCODE000012-1	BARCODE000031-1	6
BARCODE000012-1	BARCODE000032-1	6
BARCODE000012-1	BARCODE000035-1	5
BARCODE000012-1	BARCODE000036-1	6
BARCODE000012-1	BARCODE000037-1	13
BARCODE000012-1	BARCODE000039-1	37
BARCODE000012-1	BARCODE000040-1	28
BARCODE000012-1	BARCODE000042-1	20
BARCODE000012-1	BARCODE000043-1	11
BARCODE000012-1	BARCODE000044-1	21
BARCODE000012-1	BARCODE000045-1	10
BARCODE000012-1	BARCODE000046-1	2
BARCODE000012-1	BARCODE000047-1	21
BARCODE000012-1	BARCODE000049-1	17
BARCODE000013-1	BARCODE000014-1	4
BARCODE000013-1	BARCODE000015-1	12
BARCODE000013-1	BARCODE000017-1	5
BARCODE000013-1	BARCODE000018-1	13
BARCODE000013-1	BARCODE000019-1	3
BARCODE000013-1	BARCODE000020-1	26
BARCODE000013-1	BARCODE000022-1	9
BARCODE000013-1	BARCODE000023-1	19
BARCODE000013-1	BARCODE000026-1	2
BARCODE000013-1	BARCODE000029-1	4
BARCODE000013-1	BARCODE000030-1	11
BARCODE000013-1	BARCODE000031-1	8
BARCODE000013-1	BARCODE000033-1	13
BARCODE000013-1	BARCODE000035-1	4
BARCODE000013-1	BARCODE000036-1	11
BARCODE000013-1	BARCODE000037-1	6
BARCODE000013-1	BARCODE000038-1	19
BARCODE000013-1	BARCODE000041-1	16
BARCODE000013-1	BARCODE000042-1	9
BARCODE000013-1	BARCODE000043-1	38
BARCODE000013-1	BARCODE000044-1	10
BARCODE000013-1	BARCODE000045-1	22
BARCODE000013-1	BARCODE000047-1	14
BARCODE000013-1	BARCODE000050-1	8
BARCODE000014-1	BARCODE000019-1	11
BARCODE000014-1	BARCODE000021-1	22
BARCODE000014-1	BARCODE000025-1	9
BARCODE000014-1	BARCODE000026-1	12
BARCODE000014-1	BARCODE000027-1	2
BARCODE000014-1	BARCODE000030-1	12
BARCODE000014-1	BARCODE000032-1	20
BARCODE000014-1	BARCODE000033-1	5
BARCODE000014-1	BARCODE000035-1	8
BARCODE000014-1	BARCODE000038-1	44
BARCODE000014-1	BARCODE000039-1	11
BARCODE000014-1	BARCODE000040-1	8
BARCODE000014-1	BARCODE000041-1	5
BARCODE000014-1	BARCODE000043-1	3
BARCODE000014-1	BARCODE000045-1	21
BARCODE000014-1	BARCODE000046-1	25
BARCODE000014-1	BARCODE000047-1	7
BARCODE000014-1	BARCODE000049-1	2
BARCODE000015-1	BARCODE000017-1	20
BARCODE000015-1	BARCODE000019-1	6
BARCODE000015-1	BARCODE000021-1	4
BARCODE000015-1	BARCODE000022-1	29
BARCODE000015-1	BARCODE000027-1	28
BARCODE000015-1	BARCODE000029-1	24
BARCODE000015-1	BARCODE000030-1	7
BARCODE000015-1	BARCODE000032-1	6
BARCODE000015-1	BARCODE000033-1	12
BARCODE000015-1	BARCODE000034-1	28
BARCODE000015-1	BARCODE000039-1	7
BARCODE000015-1	BARCODE000042-1	18
BARCODE000015-1	BARCODE000046-1	6
BARCODE000015-1	BARCODE000047-1	32
BARCODE000015-1	BARCODE000048-1	2
BARCODE000015-1	BARCODE000049-1	8
BARCODE000016-1	BARCODE000020-1	8
BARCODE000016-1	BARCODE000022-1	2
BARCODE000016-1	BARCODE000025-1	15
BARCODE000016-1	BARCODE000026-1	10
BARCODE000016-1	BARCODE000027-1	17
BARCODE000016-1	BARCODE000028-1	4
BARCODE000016-1	BARCODE000029-1	9
BARCODE000016-1	BARCODE000030-1	12
BARCODE000016-1	BARCODE000031-1	24
BARCODE000016-1	BARCODE000035-1	3
BARCODE000016-1	BARCODE000038-1	8
BARCODE000016-1	BARCODE000041-1	20
BARCODE000016-1	BARCODE000048-1	35
BARCODE000017-1	BARCODE000018-1	11
BARCODE000017-1	BARCODE000019-1	26
BARCODE000017-1	BARCODE000021-1	2
BARCODE000017-1	BARCODE000022-1	12
BARCODE000017-1	BARCODE000023-1	18
BARCODE000017-1	BARCODE000024-1	5
BARCODE000017-1	BARCODE000028-1	4
BARCODE000017-1	BARCODE000029-1	9
BARCODE000017-1	BARCODE000030-1	34
BARCODE000017-1	BARCODE000031-1	19
BARCODE000017-1	BARCODE000032-1	18
BARCODE000017-1	BARCODE000034-1	17
BARCODE000017-1	BARCODE000035-1	15
BARCODE000017-1	BARCODE000038-1	9
BARCODE000017-1	BARCODE000040-1	23
BARCODE000017-1	BARCODE000043-1	10
BARCODE000017-1	BARCODE000045-1	13
BARCODE000017-1	BARCODE000046-1	13
BARCODE000017-1	BARCODE000050-1	4
BARCODE000018-1	BARCODE000020-1	27
BARCODE000018-1	BARCODE000022-1	6
BARCODE000018-1	BARCODE000025-1	28
BARCODE000018-1	BARCODE000026-1	21
BARCODE000018-1	BARCODE000027-1	7
BARCODE000018-1	BARCODE000028-1	16
BARCODE000018-1	BARCODE000031-1	4
BARCODE000018-1	BARCODE000034-1	17
BARCODE000018-1	BARCODE000036-1	18
BARCODE000018-1	BARCODE000039-1	2
BARCODE000018-1	BARCODE000044-1	5
BARCODE000018-1	BARCODE000045-1	22
BARCODE000018-1	BARCODE000048-1	12
BARCODE000019-1	BARCODE000020-1	8
BARCODE000019-1	BARCODE000021-1	11
BARCODE000019-1	BARCODE000022-1	4
BARCODE000019-1	BARCODE000023-1	18
BARCODE000019-1	BARCODE000026-1	3
BARCODE000019-1	BARCODE000030-1	14
BARCODE000019-1	BARCODE000031-1	4
BARCODE000019-1	BARCODE000032-1	18
BARCODE000019-1	BARCODE000033-1	4
BARCODE000019-1	BARCODE000034-1	2
BARCODE000019-1	BARCODE000035-1	4
BARCODE000019-1	BARCODE000036-1	11
BARCODE000019-1	BARCODE000038-1	3
BARCODE000019-1	BARCODE000039-1	8
BARCODE000019-1	BARCODE000040-1	7
BARCODE000019-1	BARCODE000042-1	14
BARCODE000019-1	BARCODE000044-1	7
BARCODE000019-1	BARCODE000045-1	14
BARCODE000020-1	BARCODE000025-1	50
BARCODE000020-1	BARCODE000027-1	17
BARCODE000020-1	BARCODE000028-1	5
BARCODE000020-1	BARCODE000030-1	7
BARCODE000020-1	BARCODE000037-1	26
BARCODE000020-1	BARCODE000045-1	36
BARCODE000020-1	BARCODE000049-1	12
BARCODE000020-1	BARCODE000050-1	5
BARCODE000021-1	BARCODE000034-1	16
BARCODE000021-1	BARCODE000038-1	2
BARCODE000021-1	BARCODE000039-1	8
BARCODE000021-1	BARCODE000042-1	22
BARCODE000021-1	BARCODE000045-1	4
BARCODE000021-1	BARCODE000046-1	4
BARCODE000022-1	BARCODE000027-1	6
BARCODE000022-1	BARCODE000028-1	3
BARCODE000022-1	BARCODE000029-1	25
BARCODE000022-1	BARCODE000030-1	45
BARCODE000022-1	BARCODE000032-1	28
BARCODE000022-1	BARCODE000035-1	8
BARCODE000022-1	BARCODE000037-1	12
BARCODE000022-1	BARCODE000045-1	43
BARCODE000022-1	BARCODE000047-1	2
BARCODE000022-1	BARCODE000049-1	8
BARCODE000022-1	BARCODE000050-1	14
BARCODE000023-1	BARCODE000024-1	7
BARCODE000023-1	BARCODE000026-1	27
BARCODE000023-1	BARCODE000030-1	12
BARCODE000023-1	BARCODE000032-1	3
BARCODE000023-1	BARCODE000033-1	7
BARCODE000023-1	BARCODE000034-1	33
BARCODE000023-1	BARCODE000038-1	11
BARCODE000023-1	BARCODE000039-1	3
BARCODE000023-1	BARCODE000040-1	2
BARCODE000023-1	BARCODE000044-1	23
BARCODE000023-1	BARCODE000049-1	21
BARCODE000024-1	BARCODE000027-1	2
BARCODE000024-1	BARCODE000030-1	15
BARCODE000024-1	BARCODE000031-1	16
BARCODE000024-1	BARCODE000032-1	4
BARCODE000024-1	BARCODE000033-1	28
BARCODE000024-1	BARCODE000035-1	13
BARCODE000024-1	BARCODE000036-1	2
BARCODE000024-1	BARCODE000039-1	29
BARCODE000024-1	BARCODE000040-1	24
BARCODE000024-1	BARCODE000043-1	5
BARCODE000024-1	BARCODE000044-1	12
BARCODE000024-1	BARCODE000046-1	12
BARCODE000024-1	BARCODE000047-1	22
BARCODE000024-1	BARCODE000049-1	9
BARCODE000024-1	BARCODE000050-1	21
BARCODE000025-1	BARCODE000026-1	11
BARCODE000025-1	BARCODE000027-1	38
BARCODE000025-1	BARCODE000028-1	7
BARCODE000025-1	BARCODE000031-1	6
BARCODE000025-1	BARCODE000035-1	9
BARCODE000025-1	BARCODE000037-1	23
BARCODE000025-1	BARCODE000038-1	33
BARCODE000025-1	BARCODE000043-1	3
BARCODE000025-1	BARCODE000044-1	8
BARCODE000025-1	BARCODE000047-1	2
BARCODE000025-1	BARCODE000048-1	29
BARCODE000025-1	BARCODE000049-1	17
BARCODE000025-1	BARCODE000050-1	7
BARCODE000026-1	BARCODE000027-1	9
BARCODE000026-1	BARCODE000028-1	3
BARCODE000026-1	BARCODE000034-1	7
BARCODE000026-1	BARCODE000037-1	7
BARCODE000026-1	BARCODE000041-1	16
BARCODE000026-1	BARCODE000047-1	5
BARCODE000026-1	BARCODE000049-1	34
BARCODE000027-1	BARCODE000028-1	3
BARCODE000027-1	BARCODE000029-1	13
BARCODE000027-1	BARCODE000035-1	8
BARCODE000027-1	BARCODE000037-1	17
BARCODE000027-1	BARCODE000039-1	3
BARCODE000027-1	BARCODE000041-1	21
BARCODE000027-1	BARCODE000043-1	22
BARCODE000027-1	BARCODE000048-1	17
BARCODE000027-1	BARCODE000049-1	16
BARCODE000027-1	BARCODE000050-1	10
BARCODE000028-1	BARCODE000030-1	6
BARCODE000028-1	BARCODE000031-1	21
BARCODE000028-1	BARCODE000032-1	17
BARCODE000028-1	BARCODE000036-1	6
BARCODE000028-1	BARCODE000037-1	29
BARCODE000028-1	BARCODE000038-1	19
BARCODE000028-1	BARCODE000039-1	31
BARCODE000028-1	BARCODE000040-1	12
BARCODE000028-1	BARCODE000041-1	7
BARCODE000028-1	BARCODE000043-1	19
BARCODE000028-1	BARCODE000047-1	17
BARCODE000028-1	BARCODE000050-1	18
BARCODE000029-1	BARCODE000032-1	59
BARCODE000029-1	BARCODE000035-1	21
BARCODE000029-1	BARCODE000039-1	16
BARCODE000029-1	BARCODE000043-1	5
BARCODE000029-1	BARCODE000044-1	12
BARCODE000029-1	BARCODE000045-1	2
BARCODE000030-1	BARCODE000032-1	19
BARCODE000030-1	BARCODE000033-1	18
BARCODE000030-1	BARCODE000038-1	12
BARCODE000030-1	BARCODE000039-1	5
BARCODE000030-1	BARCODE000040-1	25
BARCODE000030-1	BARCODE000042-1	12
BARCODE000030-1	BARCODE000044-1	16
BARCODE000030-1	BARCODE000045-1	24
BARCODE000030-1	BARCODE000047-1	2
BARCODE000031-1	BARCODE000033-1	18
BARCODE000031-1	BARCODE000035-1	7
BARCODE000031-1	BARCODE000036-1	32
BARCODE000031-1	BARCODE000037-1	11
BARCODE000031-1	BARCODE000038-1	12
BARCODE000031-1	BARCODE000041-1	10
BARCODE000031-1	BARCODE000042-1	4
BARCODE000031-1	BARCODE000043-1	19
BARCODE000031-1	BARCODE000045-1	15
BARCODE000031-1	BARCODE000048-1	7
BARCODE000031-1	BARCODE000050-1	36
BARCODE000032-1	BARCODE000033-1	21
BARCODE000032-1	BARCODE000035-1	8
BARCODE000032-1	BARCODE000039-1	19
BARCODE000032-1	BARCODE000040-1	2
BARCODE000032-1	BARCODE000042-1	14
BARCODE000032-1	BARCODE000044-1	20
BARCODE000032-1	BARCODE000048-1	13
BARCODE000033-1	BARCODE000034-1	49
BARCODE000033-1	BARCODE000035-1	12
BARCODE000033-1	BARCODE000040-1	2
BARCODE000033-1	BARCODE000042-1	21
BARCODE000033-1	BARCODE000043-1	22
BARCODE000033-1	BARCODE000044-1	28
BARCODE000033-1	BARCODE000045-1	15
BARCODE000033-1	BARCODE000046-1	12
BARCODE000033-1	BARCODE000047-1	5
BARCODE000033-1	BARCODE000048-1	11
BARCODE000033-1	BARCODE000049-1	14
BARCODE000034-1	BARCODE000036-1	6
BARCODE000034-1	BARCODE000039-1	29
BARCODE000034-1	BARCODE000041-1	23
BARCODE000034-1	BARCODE000042-1	14
BARCODE000034-1	BARCODE000044-1	19
BARCODE000034-1	BARCODE000045-1	9
BARCODE000034-1	BARCODE000046-1	24
BARCODE000034-1	BARCODE000049-1	27
BARCODE000034-1	BARCODE000050-1	3
BARCODE000035-1	BARCODE000041-1	4
BARCODE000035-1	BARCODE000042-1	4
BARCODE000035-1	BARCODE000043-1	3
BARCODE000035-1	BARCODE000045-1	10
BARCODE000035-1	BARCODE000047-1	2
BARCODE000035-1	BARCODE000048-1	2
BARCODE000035-1	BARCODE000049-1	10
BARCODE000035-1	BARCODE000050-1	15
BARCODE000036-1	BARCODE000038-1	8
BARCODE000036-1	BARCODE000039-1	26
BARCODE000036-1	BARCODE000040-1	19
BARCODE000036-1	BARCODE000041-1	30
BARCODE000036-1	BARCODE000042-1	2
BARCODE000036-1	BARCODE000043-1	27
BARCODE000036-1	BARCODE000044-1	7
BARCODE000036-1	BARCODE000048-1	11
BARCODE000036-1	BARCODE000049-1	8
BARCODE000037-1	BARCODE000040-1	10
BARCODE000037-1	BARCODE000043-1	16
BARCODE000037-1	BARCODE000044-1	3
BARCODE000037-1	BARCODE000045-1	14
BARCODE000037-1	BARCODE000046-1	19
BARCODE000037-1	BARCODE000048-1	2
BARCODE000037-1	BARCODE000049-1	2
BARCODE000037-1	BARCODE000050-1	14
BARCODE000038-1	BARCODE000040-1	6
BARCODE000038-1	BARCODE000041-1	17
BARCODE000038-1	BARCODE000047-1	17
BARCODE000038-1	BARCODE000048-1	21
BARCODE000038-1	BARCODE000049-1	10
BARCODE000038-1	BARCODE000050-1	7
BARCODE000039-1	BARCODE000041-1	12
BARCODE000039-1	BARCODE000042-1	2
BARCODE000039-1	BARCODE000043-1	3
BARCODE000039-1	BARCODE000044-1	3
BARCODE000039-1	BARCODE000046-1	16
BARCODE000039-1	BARCODE000047-1	31
BARCODE000039-1	BARCODE000049-1	17
BARCODE000039-1	BARCODE000050-1	8
BARCODE000040-1	BARCODE000041-1	24
BARCODE000040-1	BARCODE000043-1	18
BARCODE000040-1	BARCODE000044-1	18
BARCODE000040-1	BARCODE000045-1	2
BARCODE000040-1	BARCODE000047-1	36
BARCODE000041-1	BARCODE000043-1	9
BARCODE000041-1	BARCODE000044-1	27
BARCODE000041-1	BARCODE000046-1	28
BARCODE000041-1	BARCODE000049-1	18
BARCODE000042-1	BARCODE000044-1	18
BARCODE000042-1	BARCODE000045-1	19
BARCODE000042-1	BARCODE000048-1	10
BARCODE000042-1	BARCODE000049-1	15
BARCODE000043-1	BARCODE000046-1	22
BARCODE000043-1	BARCODE000047-1	23
BARCODE000044-1	BARCODE000046-1	20
BARCODE000044-1	BARCODE000048-1	9
BARCODE000045-1	BARCODE000046-1	17
BARCODE000045-1	BARCODE000048-1	7
BARCODE000045-1	BARCODE000050-1	2
BARCODE000046-1	BARCODE000047-1	19
BARCODE000046-1	BARCODE000048-1	11
BARCODE000046-1	BARCODE000049-1	3
BARCODE000048-1	BARCODE000049-1	9
BARCODE000048-1	BARCODE000050-1	23
BARCODE000051-1	BARCODE000052-1	10
BARCODE000051-1	BARCODE000053-1	16
BARCODE000051-1	BARCODE000055-1	13
BARCODE000051-1	BARCODE000056-1	26
BARCODE000051-1	BARCODE000057-1	11
BARCODE000051-1	BARCODE000058-1	6
BARCODE000051-1	BARCODE000059-1	3
BARCODE000051-1	BARCODE000060-1	5
BARCODE000051-1	BARCODE000061-1	41
BARCODE000051-1	BARCODE000062-1	29
BARCODE000051-1	BARCODE000065-1	25
BARCODE000051-1	BARCODE000066-1	2
BARCODE000051-1	BARCODE000067-1	2
BARCODE000051-1	BARCODE000070-1	4
BARCODE000051-1	BARCODE000073-1	8
BARCODE000051-1	BARCODE000074-1	23
BARCODE000051-1	BARCODE000081-1	6
BARCODE000051-1	BARCODE000085-1	4
BARCODE000051-1	BARCODE000087-1	8
BARCODE000051-1	BARCODE000088-1	29
BARCODE000051-1	BARCODE000090-1	18
BARCODE000051-1	BARCODE000091-1	13
BARCODE000051-1	BARCODE000092-1	6
BARCODE000051-1	BARCODE000094-1	5
BARCODE000051-1	BARCODE000095-1	44
BARCODE000051-1	BARCODE000096-1	6
BARCODE000051-1	BARCODE000098-1	11
BARCODE000051-1	BARCODE000100-1	5
BARCODE000052-1	BARCODE000053-1	12
BARCODE000052-1	BARCODE000056-1	8
BARCODE000052-1	BARCODE000058-1	14
BARCODE000052-1	BARCODE000060-1	34
BARCODE000052-1	BARCODE000061-1	20
BARCODE000052-1	BARCODE000064-1	4
BARCODE000052-1	BARCODE000066-1	18
BARCODE000052-1	BARCODE000068-1	3
BARCODE000052-1	BARCODE000069-1	14
BARCODE000052-1	BARCODE000071-1	18
BARCODE000052-1	BARCODE000072-1	5
BARCODE000052-1	BARCODE000073-1	17
BARCODE000052-1	BARCODE000074-1	23
BARCODE000052-1	BARCODE000075-1	14
BARCODE000052-1	BARCODE000077-1	6
BARCODE000052-1	BARCODE000078-1	11
BARCODE000052-1	BARCODE000082-1	25
BARCODE000052-1	BARCODE000083-1	8
BARCODE000052-1	BARCODE000084-1	12
BARCODE000052-1	BARCODE000085-1	12
BARCODE000052-1	BARCODE000088-1	13
BARCODE000052-1	BARCODE000089-1	22
BARCODE000052-1	BARCODE000090-1	6
BARCODE000052-1	BARCODE000092-1	5
BARCODE000052-1	BARCODE000095-1	2
BARCODE000052-1	BARCODE000100-1	4
BARCODE000053-1	BARCODE000056-1	10
BARCODE000053-1	BARCODE000059-1	5
BARCODE000053-1	BARCODE000061-1	18
BARCODE000053-1	BARCODE000062-1	10
BARCODE000053-1	BARCODE000063-1	21
BARCODE000053-1	BARCODE000068-1	7
BARCODE000053-1	BARCODE000076-1	2
BARCODE000053-1	BARCODE000078-1	8
BARCODE000053-1	BARCODE000082-1	7
BARCODE000053-1	BARCODE000083-1	4
BARCODE000053-1	BARCODE000088-1	8
BARCODE000053-1	BARCODE000089-1	12
BARCODE000053-1	BARCODE000091-1	46
BARCODE000053-1	BARCODE000092-1	21
BARCODE000053-1	BARCODE000094-1	22
BARCODE000053-1	BARCODE000097-1	11
BARCODE000053-1	BARCODE000098-1	5
BARCODE000053-1	BARCODE000099-1	20
BARCODE000054-1	BARCODE000057-1	20
BARCODE000054-1	BARCODE000058-1	26
BARCODE000054-1	BARCODE000059-1	8
BARCODE000054-1	BARCODE000060-1	25
BARCODE000054-1	BARCODE000061-1	22
BARCODE000054-1	BARCODE000064-1	5
BARCODE000054-1	BARCODE000067-1	21
BARCODE000054-1	BARCODE000068-1	28
BARCODE000054-1	BARCODE000069-1	10
BARCODE000054-1	BARCODE000071-1	18
BARCODE000054-1	BARCODE000073-1	22
BARCODE000054-1	BARCODE000074-1	8
BARCODE000054-1	BARCODE000077-1	24
BARCODE000054-1	BARCODE000079-1	23
BARCODE000054-1	BARCODE000080-1	23
BARCODE000054-1	BARCODE000081-1	29
BARCODE000054-1	BARCODE000086-1	11
BARCODE000054-1	BARCODE000089-1	6
BARCODE000054-1	BARCODE000094-1	7
BARCODE000054-1	BARCODE000096-1	15
BARCODE000055-1	BARCODE000057-1	3
BARCODE000055-1	BARCODE000059-1	10
BARCODE000055-1	BARCODE000060-1	24
BARCODE000055-1	BARCODE000062-1	22
BARCODE000055-1	BARCODE000064-1	7
BARCODE000055-1	BARCODE000065-1	6
BARCODE000055-1	BARCODE000067-1	2
BARCODE000055-1	BARCODE000068-1	12
BARCODE000055-1	BARCODE000069-1	23
BARCODE000055-1	BARCODE000071-1	3
BARCODE000055-1	BARCODE000072-1	17
BARCODE000055-1	BARCODE000074-1	2
BARCODE000055-1	BARCODE000075-1	8
BARCODE000055-1	BARCODE000079-1	31
BARCODE000055-1	BARCODE000082-1	13
BARCODE000055-1	BARCODE000083-1	3
BARCODE000055-1	BARCODE000084-1	16
BARCODE000055-1	BARCODE000085-1	20
BARCODE000055-1	BARCODE000088-1	4
BARCODE000055-1	BARCODE000089-1	3
BARCODE000055-1	BARCODE000092-1	18
BARCODE000055-1	BARCODE000094-1	10
BARCODE000055-1	BARCODE000095-1	30
BARCODE000055-1	BARCODE000096-1	16
BARCODE000055-1	BARCODE000097-1	18
BARCODE000055-1	BARCODE000099-1	10
BARCODE000056-1	BARCODE000059-1	11
BARCODE000056-1	BARCODE000060-1	10
BARCODE000056-1	BARCODE000061-1	3
BARCODE000056-1	BARCODE000062-1	4
BARCODE000056-1	BARCODE000064-1	11
BARCODE000056-1	BARCODE000065-1	10
BARCODE000056-1	BARCODE000066-1	17
BARCODE000056-1	BARCODE000070-1	15
BARCODE000056-1	BARCODE000071-1	10
BARCODE000056-1	BARCODE000072-1	4
BARCODE000056-1	BARCODE000074-1	15
BARCODE000056-1	BARCODE000075-1	19
BARCODE000056-1	BARCODE000076-1	11
BARCODE000056-1	BARCODE000078-1	3
BARCODE000056-1	BARCODE000080-1	5
BARCODE000056-1	BARCODE000081-1	23
BARCODE000056-1	BARCODE000083-1	5
BARCODE000056-1	BARCODE000084-1	2
BARCODE000056-1	BARCODE000085-1	14
BARCODE000056-1	BARCODE000086-1	20
BARCODE000056-1	BARCODE000087-1	7
BARCODE000056-1	BARCODE000090-1	6
BARCODE000056-1	BARCODE000091-1	13
BARCODE000056-1	BARCODE000092-1	8
BARCODE000056-1	BARCODE000094-1	5
BARCODE000056-1	BARCODE000098-1	12
BARCODE000056-1	BARCODE000100-1	5
BARCODE000057-1	BARCODE000059-1	19
BARCODE000057-1	BARCODE000061-1	28
BARCODE000057-1	BARCODE000062-1	7
BARCODE000057-1	BARCODE000065-1	4
BARCODE000057-1	BARCODE000066-1	4
BARCODE000057-1	BARCODE000067-1	16
BARCODE000057-1	BARCODE000071-1	39
BARCODE000057-1	BARCODE000076-1	9
BARCODE000057-1	BARCODE000077-1	25
BARCODE000057-1	BARCODE000079-1	19
BARCODE000057-1	BARCODE000080-1	2
BARCODE000057-1	BARCODE000081-1	8
BARCODE000057-1	BARCODE000085-1	15
BARCODE000057-1	BARCODE000086-1	4
BARCODE000057-1	BARCODE000087-1	20
BARCODE000057-1	BARCODE000088-1	2
BARCODE000057-1	BARCODE000090-1	29
BARCODE000057-1	BARCODE000092-1	16
BARCODE000057-1	BARCODE000094-1	7
BARCODE000057-1	BARCODE000096-1	43
BARCODE000057-1	BARCODE000100-1	5
BARCODE000058-1	BARCODE000060-1	20
BARCODE000058-1	BARCODE000061-1	8
BARCODE000058-1	BARCODE000062-1	20
BARCODE000058-1	BARCODE000063-1	6
BARCODE000058-1	BARCODE000066-1	5
BARCODE000058-1	BARCODE000067-1	14
BARCODE000058-1	BARCODE000068-1	24
BARCODE000058-1	BARCODE000069-1	7
BARCODE000058-1	BARCODE000070-1	5
BARCODE000058-1	BARCODE000071-1	33
BARCODE000058-1	BARCODE000072-1	19
BARCODE000058-1	BARCODE000073-1	10
BARCODE000058-1	BARCODE000074-1	4
BARCODE000058-1	BARCODE000076-1	7
BARCODE000058-1	BARCODE000078-1	10
BARCODE000058-1	BARCODE000082-1	17
BARCODE000058-1	BARCODE000083-1	9
BARCODE000058-1	BARCODE000084-1	8
BARCODE000058-1	BARCODE000087-1	14
BARCODE000058-1	BARCODE000091-1	15
BARCODE000058-1	BARCODE000094-1	33
BARCODE000058-1	BARCODE000096-1	14
BARCODE000058-1	BARCODE000097-1	8
BARCODE000058-1	BARCODE000099-1	17
BARCODE000059-1	BARCODE000060-1	3
BARCODE000059-1	BARCODE000061-1	17
BARCODE000059-1	BARCODE000062-1	21
BARCODE000059-1	BARCODE000064-1	18
BARCODE000059-1	BARCODE000066-1	15
BARCODE000059-1	BARCODE000067-1	10
BARCODE000059-1	BARCODE000069-1	8
BARCODE000059-1	BARCODE000070-1	23
BARCODE000059-1	BARCODE000071-1	15
BARCODE000059-1	BARCODE000072-1	26
BARCODE000059-1	BARCODE000073-1	3
BARCODE000059-1	BARCODE000075-1	24
BARCODE000059-1	BARCODE000077-1	23
BARCODE000059-1	BARCODE000079-1	17
BARCODE000059-1	BARCODE000081-1	13
BARCODE000059-1	BARCODE000084-1	4
BARCODE000059-1	BARCODE000088-1	23
BARCODE000059-1	BARCODE000090-1	12
BARCODE000059-1	BARCODE000094-1	18
BARCODE000059-1	BARCODE000096-1	2
BARCODE000059-1	BARCODE000099-1	7
BARCODE000060-1	BARCODE000062-1	25
BARCODE000060-1	BARCODE000063-1	3
BARCODE000060-1	BARCODE000066-1	8
BARCODE000060-1	BARCODE000067-1	27
BARCODE000060-1	BARCODE000068-1	10
BARCODE000060-1	BARCODE000069-1	13
BARCODE000060-1	BARCODE000070-1	17
BARCODE000060-1	BARCODE000071-1	5
BARCODE000060-1	BARCODE000073-1	29
BARCODE000060-1	BARCODE000075-1	9
BARCODE000060-1	BARCODE000076-1	5
BARCODE000060-1	BARCODE000077-1	10
BARCODE000060-1	BARCODE000081-1	15
BARCODE000060-1	BARCODE000084-1	14
BARCODE000060-1	BARCODE000087-1	15
BARCODE000060-1	BARCODE000089-1	24
BARCODE000060-1	BARCODE000090-1	15
BARCODE000060-1	BARCODE000091-1	7
BARCODE000060-1	BARCODE000094-1	3
BARCODE000060-1	BARCODE000097-1	25
BARCODE000060-1	BARCODE000098-1	3
BARCODE000061-1	BARCODE000064-1	24
BARCODE000061-1	BARCODE000066-1	24
BARCODE000061-1	BARCODE000067-1	2
BARCODE000061-1	BARCODE000069-1	9
BARCODE000061-1	BARCODE000072-1	29
BARCODE000061-1	BARCODE000073-1	9
BARCODE000061-1	BARCODE000074-1	12
BARCODE000061-1	BARCODE000075-1	2
BARCODE000061-1	BARCODE000076-1	6
BARCODE000061-1	BARCODE000077-1	10
BARCODE000061-1	BARCODE000078-1	12
BARCODE000061-1	BARCODE000079-1	12
BARCODE000061-1	BARCODE000080-1	24
BARCODE000061-1	BARCODE000081-1	19
BARCODE000061-1	BARCODE000083-1	9
BARCODE000061-1	BARCODE000088-1	14
BARCODE000061-1	BARCODE000092-1	10
BARCODE000061-1	BARCODE000093-1	18
BARCODE000061-1	BARCODE000094-1	7
BARCODE000061-1	BARCODE000096-1	22
BARCODE000061-1	BARCODE000098-1	4
BARCODE000061-1	BARCODE000100-1	5
BARCODE000062-1	BARCODE000063-1	18
BARCODE000062-1	BARCODE000065-1	20
BARCODE000062-1	BARCODE000066-1	14
BARCODE000062-1	BARCODE000068-1	9
BARCODE000062-1	BARCODE000071-1	16
BARCODE000062-1	BARCODE000072-1	11
BARCODE000062-1	BARCODE000073-1	27
BARCODE000062-1	BARCODE000074-1	16
BARCODE000062-1	BARCODE000076-1	5
BARCODE000062-1	BARCODE000077-1	13
BARCODE000062-1	BARCODE000079-1	22
BARCODE000062-1	BARCODE000080-1	39
BARCODE000062-1	BARCODE000081-1	20
BARCODE000062-1	BARCODE000082-1	5
BARCODE000062-1	BARCODE000083-1	6
BARCODE000062-1	BARCODE000086-1	12
BARCODE000062-1	BARCODE000087-1	11
BARCODE000062-1	BARCODE000090-1	18
BARCODE000062-1	BARCODE000091-1	2
BARCODE000062-1	BARCODE000092-1	2
BARCODE000062-1	BARCODE000093-1	4
BARCODE000062-1	BARCODE000094-1	37
BARCODE000062-1	BARCODE000095-1	27
BARCODE000062-1	BARCODE000098-1	3
BARCODE000062-1	BARCODE000100-1	16
BARCODE000063-1	BARCODE000065-1	20
BARCODE000063-1	BARCODE000066-1	13
BARCODE000063-1	BARCODE000067-1	28
BARCODE000063-1	BARCODE000069-1	24
BARCODE000063-1	BARCODE000070-1	17
BARCODE000063-1	BARCODE000074-1	3
BARCODE000063-1	BARCODE000080-1	18
BARCODE000063-1	BARCODE000082-1	23
BARCODE000063-1	BARCODE000083-1	7
BARCODE000063-1	BARCODE000084-1	10
BARCODE000063-1	BARCODE000086-1	6
BARCODE000063-1	BARCODE000087-1	4
BARCODE000063-1	BARCODE000089-1	21
BARCODE000063-1	BARCODE000091-1	47
BARCODE000063-1	BARCODE000099-1	7
BARCODE000063-1	BARCODE000100-1	20
BARCODE000064-1	BARCODE000067-1	6
BARCODE000064-1	BARCODE000069-1	16
BARCODE000064-1	BARCODE000070-1	5
BARCODE000064-1	BARCODE000071-1	7
BARCODE000064-1	BARCODE000073-1	3
BARCODE000064-1	BARCODE000074-1	8
BARCODE000064-1	BARCODE000076-1	25
BARCODE000064-1	BARCODE000077-1	14
BARCODE000064-1	BARCODE000078-1	3
BARCODE000064-1	BARCODE000079-1	19
BARCODE000064-1	BARCODE000080-1	29
BARCODE000064-1	BARCODE000084-1	14
BARCODE000064-1	BARCODE000085-1	3
BARCODE000064-1	BARCODE000089-1	20
BARCODE000064-1	BARCODE000091-1	3
BARCODE000064-1	BARCODE000092-1	3
BARCODE000064-1	BARCODE000093-1	11
BARCODE000064-1	BARCODE000094-1	8
BARCODE000064-1	BARCODE000095-1	17
BARCODE000064-1	BARCODE000097-1	12
BARCODE000064-1	BARCODE000099-1	24
BARCODE000064-1	BARCODE000100-1	8
BARCODE000065-1	BARCODE000066-1	13
BARCODE000065-1	BARCODE000067-1	3
BARCODE000065-1	BARCODE000070-1	51
BARCODE000065-1	BARCODE000071-1	34
BARCODE000065-1	BARCODE000072-1	3
BARCODE000065-1	BARCODE000074-1	11
BARCODE000065-1	BARCODE000076-1	14
BARCODE000065-1	BARCODE000077-1	8
BARCODE000065-1	BARCODE000079-1	8
BARCODE000065-1	BARCODE000081-1	17
BARCODE000065-1	BARCODE000084-1	23
BARCODE000065-1	BARCODE000085-1	10
BARCODE000065-1	BARCODE000086-1	3
BARCODE000065-1	BARCODE000088-1	7
BARCODE000065-1	BARCODE000090-1	4
BARCODE000065-1	BARCODE000092-1	24
BARCODE000065-1	BARCODE000094-1	6
BARCODE000065-1	BARCODE000095-1	13
BARCODE000065-1	BARCODE000096-1	12
BARCODE000065-1	BARCODE000098-1	14
BARCODE000065-1	BARCODE000099-1	6
BARCODE000065-1	BARCODE000100-1	8
BARCODE000066-1	BARCODE000068-1	24
BARCODE000066-1	BARCODE000070-1	23
BARCODE000066-1	BARCODE000072-1	22
BARCODE000066-1	BARCODE000074-1	9
BARCODE000066-1	BARCODE000075-1	5
BARCODE000066-1	BARCODE000076-1	14
BARCODE000066-1	BARCODE000080-1	23
BARCODE000066-1	BARCODE000081-1	21
BARCODE000066-1	BARCODE000082-1	18
BARCODE000066-1	BARCODE000086-1	13
BARCODE000066-1	BARCODE000088-1	17
BARCODE000066-1	BARCODE000089-1	7
BARCODE000066-1	BARCODE000093-1	6
BARCODE000066-1	BARCODE000096-1	14
BARCODE000066-1	BARCODE000097-1	18
BARCODE000066-1	BARCODE000098-1	13
BARCODE000067-1	BARCODE000068-1	21
BARCODE000067-1	BARCODE000073-1	4
BARCODE000067-1	BARCODE000074-1	33
BARCODE000067-1	BARCODE000075-1	2
BARCODE000067-1	BARCODE000077-1	7
BARCODE000067-1	BARCODE000079-1	8
BARCODE000067-1	BARCODE000082-1	6
BARCODE000067-1	BARCODE000083-1	4
BARCODE000067-1	BARCODE000084-1	9
BARCODE000067-1	BARCODE000086-1	6
BARCODE000067-1	BARCODE000087-1	12
BARCODE000067-1	BARCODE000090-1	4
BARCODE000067-1	BARCODE000092-1	5
BARCODE000067-1	BARCODE000094-1	8
BARCODE000067-1	BARCODE000097-1	20
BARCODE000068-1	BARCODE000069-1	3
BARCODE000068-1	BARCODE000071-1	26
BARCODE000068-1	BARCODE000074-1	8
BARCODE000068-1	BARCODE000077-1	39
BARCODE000068-1	BARCODE000078-1	13
BARCODE000068-1	BARCODE000079-1	18
BARCODE000068-1	BARCODE000080-1	16
BARCODE000068-1	BARCODE000082-1	9
BARCODE000068-1	BARCODE000083-1	26
BARCODE000068-1	BARCODE000084-1	5
BARCODE000068-1	BARCODE000087-1	24
BARCODE000068-1	BARCODE000088-1	6
BARCODE000068-1	BARCODE000089-1	14
BARCODE000068-1	BARCODE000091-1	5
BARCODE000068-1	BARCODE000092-1	20
BARCODE000068-1	BARCODE000093-1	13
BARCODE000068-1	BARCODE000094-1	17
BARCODE000068-1	BARCODE000095-1	3
BARCODE000068-1	BARCODE000096-1	5
BARCODE000068-1	BARCODE000098-1	5
BARCODE000068-1	BARCODE000099-1	2
BARCODE000068-1	BARCODE000100-1	16
BARCODE000069-1	BARCODE000071-1	7
BARCODE000069-1	BARCODE000075-1	2
BARCODE000069-1	BARCODE000077-1	15
BARCODE000069-1	BARCODE000079-1	14
BARCODE000069-1	BARCODE000082-1	17
BARCODE000069-1	BARCODE000083-1	27
BARCODE000069-1	BARCODE000089-1	4
BARCODE000069-1	BARCODE000090-1	8
BARCODE000069-1	BARCODE000091-1	8
BARCODE000069-1	BARCODE000092-1	3
BARCODE000069-1	BARCODE000093-1	11
BARCODE000069-1	BARCODE000095-1	25
BARCODE000069-1	BARCODE000096-1	24
BARCODE000069-1	BARCODE000098-1	9
BARCODE000069-1	BARCODE000099-1	12
BARCODE000069-1	BARCODE000100-1	3
BARCODE000070-1	BARCODE000071-1	32
BARCODE000070-1	BARCODE000074-1	4
BARCODE000070-1	BARCODE000075-1	12
BARCODE000070-1	BARCODE000077-1	19
BARCODE000070-1	BARCODE000079-1	13
BARCODE000070-1	BARCODE000081-1	30
BARCODE000070-1	BARCODE000083-1	25
BARCODE000070-1	BARCODE000084-1	13
BARCODE000070-1	BARCODE000085-1	30
BARCODE000070-1	BARCODE000086-1	3
BARCODE000070-1	BARCODE000088-1	9
BARCODE000070-1	BARCODE000090-1	8
BARCODE000070-1	BARCODE000092-1	14
BARCODE000070-1	BARCODE000093-1	17
BARCODE000070-1	BARCODE000095-1	8
BARCODE000070-1	BARCODE000096-1	25
BARCODE000070-1	BARCODE000097-1	6
BARCODE000070-1	BARCODE000098-1	5
BARCODE000070-1	BARCODE000099-1	7
BARCODE000071-1	BARCODE000072-1	8
BARCODE000071-1	BARCODE000074-1	10
BARCODE000071-1	BARCODE000077-1	8
BARCODE000071-1	BARCODE000078-1	22
BARCODE000071-1	BARCODE000079-1	14
BARCODE000071-1	BARCODE000081-1	26
BARCODE000071-1	BARCODE000083-1	13
BARCODE000071-1	BARCODE000084-1	29
BARCODE000071-1	BARCODE000085-1	22
BARCODE000071-1	BARCODE000086-1	23
BARCODE000071-1	BARCODE000092-1	8
BARCODE000071-1	BARCODE000093-1	14
BARCODE000071-1	BARCODE000094-1	11
BARCODE000071-1	BARCODE000096-1	10
BARCODE000071-1	BARCODE000100-1	23
BARCODE000072-1	BARCODE000073-1	13
BARCODE000072-1	BARCODE000074-1	23
BARCODE000072-1	BARCODE000075-1	17
BARCODE000072-1	BARCODE000077-1	14
BARCODE000072-1	BARCODE000081-1	2
BARCODE000072-1	BARCODE000085-1	19
BARCODE000072-1	BARCODE000086-1	15
BARCODE000072-1	BARCODE000087-1	25
BARCODE000072-1	BARCODE000090-1	15
BARCODE000072-1	BARCODE000092-1	24
BARCODE000072-1	BARCODE000094-1	21
BARCODE000072-1	BARCODE000096-1	20
BARCODE000072-1	BARCODE000097-1	7
BARCODE000072-1	BARCODE000098-1	8
BARCODE000073-1	BARCODE000075-1	8
BARCODE000073-1	BARCODE000076-1	11
BARCODE000073-1	BARCODE000078-1	9
BARCODE000073-1	BARCODE000079-1	37
BARCODE000073-1	BARCODE000085-1	11
BARCODE000073-1	BARCODE000088-1	6
BARCODE000073-1	BARCODE000090-1	10
BARCODE000073-1	BARCODE000092-1	14
BARCODE000073-1	BARCODE000095-1	4
BARCODE000073-1	BARCODE000096-1	9
BARCODE000073-1	BARCODE000098-1	26
BARCODE000074-1	BARCODE000075-1	14
BARCODE000074-1	BARCODE000077-1	10
BARCODE000074-1	BARCODE000083-1	4
BARCODE000074-1	BARCODE000085-1	27
BARCODE000074-1	BARCODE000086-1	10
BARCODE000074-1	BARCODE000087-1	3
BARCODE000074-1	BARCODE000088-1	20
BARCODE000074-1	BARCODE000091-1	5
BARCODE000074-1	BARCODE000093-1	7
BARCODE000074-1	BARCODE000094-1	14
BARCODE000074-1	BARCODE000098-1	4
BARCODE000074-1	BARCODE000099-1	8
BARCODE000074-1	BARCODE000100-1	2
BARCODE000075-1	BARCODE000079-1	12
BARCODE000075-1	BARCODE000084-1	20
BARCODE000075-1	BARCODE000085-1	20
BARCODE000075-1	BARCODE000088-1	26
BARCODE000075-1	BARCODE000093-1	51
BARCODE000075-1	BARCODE000096-1	5
BARCODE000075-1	BARCODE000098-1	16
BARCODE000075-1	BARCODE000100-1	18
BARCODE000076-1	BARCODE000078-1	18
BARCODE000076-1	BARCODE000079-1	6
BARCODE000076-1	BARCODE000080-1	25
BARCODE000076-1	BARCODE000082-1	30
BARCODE000076-1	BARCODE000084-1	17
BARCODE000076-1	BARCODE000085-1	2
BARCODE000076-1	BARCODE000086-1	32
BARCODE000076-1	BARCODE000087-1	3
BARCODE000076-1	BARCODE000089-1	20
BARCODE000076-1	BARCODE000092-1	7
BARCODE000076-1	BARCODE000095-1	7
BARCODE000076-1	BARCODE000099-1	16
BARCODE000076-1	BARCODE000100-1	3
BARCODE000077-1	BARCODE000079-1	18
BARCODE000077-1	BARCODE000080-1	8
BARCODE000077-1	BARCODE000082-1	6
BARCODE000077-1	BARCODE000085-1	37
BARCODE000077-1	BARCODE000087-1	12
BARCODE000078-1	BARCODE000079-1	9
BARCODE000078-1	BARCODE000080-1	35
BARCODE000078-1	BARCODE000081-1	8
BARCODE000078-1	BARCODE000083-1	4
BARCODE000078-1	BARCODE000084-1	11
BARCODE000078-1	BARCODE000085-1	5
BARCODE000078-1	BARCODE000088-1	4
BARCODE000078-1	BARCODE000089-1	38
BARCODE000078-1	BARCODE000090-1	3
BARCODE000078-1	BARCODE000091-1	7
BARCODE000078-1	BARCODE000092-1	4
BARCODE000078-1	BARCODE000094-1	32
BARCODE000078-1	BARCODE000097-1	23
BARCODE000078-1	BARCODE000100-1	5
BARCODE000079-1	BARCODE000082-1	4
BARCODE000079-1	BARCODE000085-1	14
BARCODE000079-1	BARCODE000086-1	11
BARCODE000079-1	BARCODE000090-1	21
BARCODE000079-1	BARCODE000092-1	10
BARCODE000079-1	BARCODE000093-1	9
BARCODE000079-1	BARCODE000095-1	5
BARCODE000079-1	BARCODE000096-1	11
BARCODE000079-1	BARCODE000098-1	5
BARCODE000079-1	BARCODE000099-1	2
BARCODE000079-1	BARCODE000100-1	2
BARCODE000080-1	BARCODE000081-1	11
BARCODE000080-1	BARCODE000083-1	26
BARCODE000080-1	BARCODE000088-1	2
BARCODE000080-1	BARCODE000089-1	11
BARCODE000080-1	BARCODE000091-1	23
BARCODE000080-1	BARCODE000093-1	10
BARCODE000080-1	BARCODE000094-1	18
BARCODE000080-1	BARCODE000095-1	7
BARCODE000080-1	BARCODE000096-1	21
BARCODE000080-1	BARCODE000097-1	8
BARCODE000080-1	BARCODE000100-1	6
BARCODE000081-1	BARCODE000082-1	7
BARCODE000081-1	BARCODE000085-1	4
BARCODE000081-1	BARCODE000086-1	12
BARCODE000081-1	BARCODE000092-1	24
BARCODE000081-1	BARCODE000093-1	13
BARCODE000081-1	BARCODE000096-1	15
BARCODE000081-1	BARCODE000097-1	12
BARCODE000081-1	BARCODE000098-1	6
BARCODE000081-1	BARCODE000100-1	5
BARCODE000082-1	BARCODE000083-1	17
BARCODE000082-1	BARCODE000085-1	2
BARCODE000082-1	BARCODE000087-1	8
BARCODE000082-1	BARCODE000088-1	5
BARCODE000082-1	BARCODE000089-1	12
BARCODE000082-1	BARCODE000091-1	5
BARCODE000082-1	BARCODE000092-1	9
BARCODE000082-1	BARCODE000093-1	19
BARCODE000082-1	BARCODE000095-1	29
BARCODE000082-1	BARCODE000097-1	2
BARCODE000082-1	BARCODE000099-1	11
BARCODE000082-1	BARCODE000100-1	2
BARCODE000083-1	BARCODE000089-1	19
BARCODE000083-1	BARCODE000091-1	23
BARCODE000083-1	BARCODE000094-1	7
BARCODE000083-1	BARCODE000095-1	11
BARCODE000083-1	BARCODE000097-1	14
BARCODE000083-1	BARCODE000099-1	2
BARCODE000083-1	BARCODE000100-1	52
BARCODE000084-1	BARCODE000085-1	37
BARCODE000084-1	BARCODE000087-1	21
BARCODE000084-1	BARCODE000089-1	11
BARCODE000084-1	BARCODE000090-1	9
BARCODE000084-1	BARCODE000093-1	15
BARCODE000084-1	BARCODE000094-1	21
BARCODE000084-1	BARCODE000096-1	5
BARCODE000084-1	BARCODE000098-1	13
BARCODE000085-1	BARCODE000086-1	8
BARCODE000085-1	BARCODE000090-1	13
BARCODE000085-1	BARCODE000092-1	3
BARCODE000085-1	BARCODE000093-1	8
BARCODE000085-1	BARCODE000094-1	23
BARCODE000085-1	BARCODE000095-1	9
BARCODE000085-1	BARCODE000096-1	23
BARCODE000086-1	BARCODE000087-1	8
BARCODE000086-1	BARCODE000088-1	3
BARCODE000086-1	BARCODE000089-1	6
BARCODE000086-1	BARCODE000090-1	14
BARCODE000086-1	BARCODE000093-1	20
BARCODE000086-1	BARCODE000094-1	12
BARCODE000086-1	BARCODE000095-1	8
BARCODE000086-1	BARCODE000096-1	7
BARCODE000086-1	BARCODE000098-1	3
BARCODE000087-1	BARCODE000088-1	20
BARCODE000087-1	BARCODE000090-1	10
BARCODE000087-1	BARCODE000091-1	8
BARCODE000087-1	BARCODE000092-1	5
BARCODE000087-1	BARCODE000093-1	4
BARCODE000087-1	BARCODE000094-1	5
BARCODE000087-1	BARCODE000095-1	9
BARCODE000087-1	BARCODE000096-1	18
BARCODE000087-1	BARCODE000097-1	28
BARCODE000087-1	BARCODE000098-1	4
BARCODE000087-1	BARCODE000099-1	4
BARCODE000088-1	BARCODE000093-1	19
BARCODE000088-1	BARCODE000095-1	8
BARCODE000088-1	BARCODE000097-1	2
BARCODE000088-1	BARCODE000098-1	8
BARCODE000089-1	BARCODE000094-1	38
BARCODE000089-1	BARCODE000095-1	3
BARCODE000089-1	BARCODE000099-1	40
BARCODE000089-1	BARCODE000100-1	19
BARCODE000090-1	BARCODE000091-1	19
BARCODE000090-1	BARCODE000092-1	14
BARCODE000090-1	BARCODE000093-1	15
BARCODE000090-1	BARCODE000098-1	12
BARCODE000091-1	BARCODE000092-1	42
BARCODE000091-1	BARCODE000094-1	9
BARCODE000091-1	BARCODE000095-1	25
BARCODE000091-1	BARCODE000098-1	20
BARCODE000091-1	BARCODE000099-1	5
BARCODE000091-1	BARCODE000100-1	28
BARCODE000092-1	BARCODE000093-1	30
BARCODE000092-1	BARCODE000094-1	2
BARCODE000092-1	BARCODE000095-1	7
BARCODE000092-1	BARCODE000098-1	4
BARCODE000092-1	BARCODE000100-1	4
BARCODE000093-1	BARCODE000095-1	7
BARCODE000093-1	BARCODE000096-1	27
BARCODE000093-1	BARCODE000100-1	7
BARCODE000094-1	BARCODE000095-1	35
BARCODE000094-1	BARCODE000098-1	5
BARCODE000094-1	BARCODE000099-1	17
BARCODE000095-1	BARCODE000097-1	12
BARCODE000095-1	BARCODE000099-1	6
BARCODE000095-1	BARCODE000100-1	2
BARCODE000096-1	BARCODE000098-1	13
BARCODE000096-1	BARCODE000100-1	4
BARCODE000097-1	BARCODE000098-1	21
BARCODE000097-1	BARCODE000099-1	11
BARCODE000098-1	BARCODE000099-1	6
BARCODE000101-1	BARCODE000103-1	6
BARCODE000101-1	BARCODE000104-1	22
BARCODE000101-1	BARCODE000107-1	4
BARCODE000101-1	BARCODE000108-1	2
BARCODE000101-1	BARCODE000110-1	14
BARCODE000101-1	BARCODE000111-1	15
BARCODE000101-1	BARCODE000113-1	20
BARCODE000101-1	BARCODE000117-1	20
BARCODE000101-1	BARCODE000118-1	24
BARCODE000101-1	BARCODE000120-1	5
BARCODE000101-1	BARCODE000121-1	4
BARCODE000101-1	BARCODE000122-1	34
BARCODE000101-1	BARCODE000123-1	21
BARCODE000101-1	BARCODE000124-1	23
BARCODE000101-1	BARCODE000127-1	25
BARCODE000101-1	BARCODE000128-1	28
BARCODE000101-1	BARCODE000134-1	14
BARCODE000101-1	BARCODE000135-1	14
BARCODE000101-1	BARCODE000136-1	14
BARCODE000101-1	BARCODE000138-1	27
BARCODE000101-1	BARCODE000139-1	10
BARCODE000101-1	BARCODE000141-1	26
BARCODE000101-1	BARCODE000144-1	24
BARCODE000101-1	BARCODE000145-1	23
BARCODE000101-1	BARCODE000146-1	13
BARCODE000102-1	BARCODE000104-1	15
BARCODE000102-1	BARCODE000109-1	10
BARCODE000102-1	BARCODE000110-1	4
BARCODE000102-1	BARCODE000111-1	4
BARCODE000102-1	BARCODE000112-1	49
BARCODE000102-1	BARCODE000113-1	13
BARCODE000102-1	BARCODE000114-1	10
BARCODE000102-1	BARCODE000115-1	4
BARCODE000102-1	BARCODE000117-1	18
BARCODE000102-1	BARCODE000119-1	9
BARCODE000102-1	BARCODE000120-1	7
BARCODE000102-1	BARCODE000125-1	5
BARCODE000102-1	BARCODE000128-1	20
BARCODE000102-1	BARCODE000131-1	15
BARCODE000102-1	BARCODE000132-1	25
BARCODE000102-1	BARCODE000133-1	23
BARCODE000102-1	BARCODE000137-1	24
BARCODE000102-1	BARCODE000138-1	3
BARCODE000102-1	BARCODE000139-1	15
BARCODE000102-1	BARCODE000142-1	28
BARCODE000102-1	BARCODE000150-1	6
BARCODE000103-1	BARCODE000106-1	18
BARCODE000103-1	BARCODE000108-1	24
BARCODE000103-1	BARCODE000109-1	2
BARCODE000103-1	BARCODE000110-1	5
BARCODE000103-1	BARCODE000111-1	5
BARCODE000103-1	BARCODE000112-1	8
BARCODE000103-1	BARCODE000117-1	30
BARCODE000103-1	BARCODE000118-1	7
BARCODE000103-1	BARCODE000120-1	4
BARCODE000103-1	BARCODE000121-1	30
BARCODE000103-1	BARCODE000122-1	18
BARCODE000103-1	BARCODE000123-1	8
BARCODE000103-1	BARCODE000127-1	3
BARCODE000103-1	BARCODE000128-1	10
BARCODE000103-1	BARCODE000132-1	12
BARCODE000103-1	BARCODE000133-1	2
BARCODE000103-1	BARCODE000134-1	7
BARCODE000103-1	BARCODE000136-1	6
BARCODE000103-1	BARCODE000140-1	13
BARCODE000103-1	BARCODE000141-1	9
BARCODE000103-1	BARCODE000147-1	10
BARCODE000103-1	BARCODE000148-1	32
BARCODE000103-1	BARCODE000149-1	31
BARCODE000103-1	BARCODE000150-1	12
BARCODE000104-1	BARCODE000105-1	21
BARCODE000104-1	BARCODE000106-1	12
BARCODE000104-1	BARCODE000110-1	17
BARCODE000104-1	BARCODE000111-1	13
BARCODE000104-1	BARCODE000112-1	5
BARCODE000104-1	BARCODE000113-1	9
BARCODE000104-1	BARCODE000114-1	2
BARCODE000104-1	BARCODE000115-1	12
BARCODE000104-1	BARCODE000118-1	21
BARCODE000104-1	BARCODE000119-1	43
BARCODE000104-1	BARCODE000120-1	4
BARCODE000104-1	BARCODE000122-1	10
BARCODE000104-1	BARCODE000128-1	19
BARCODE000104-1	BARCODE000130-1	34
BARCODE000104-1	BARCODE000132-1	3
BARCODE000104-1	BARCODE000133-1	10
BARCODE000104-1	BARCODE000135-1	2
BARCODE000104-1	BARCODE000136-1	36
BARCODE000104-1	BARCODE000137-1	12
BARCODE000104-1	BARCODE000138-1	8
BARCODE000104-1	BARCODE000139-1	26
BARCODE000104-1	BARCODE000142-1	8
BARCODE000104-1	BARCODE000144-1	9
BARCODE000104-1	BARCODE000147-1	3
BARCODE000104-1	BARCODE000148-1	19
BARCODE000105-1	BARCODE000106-1	9
BARCODE000105-1	BARCODE000109-1	15
BARCODE000105-1	BARCODE000110-1	4
BARCODE000105-1	BARCODE000112-1	4
BARCODE000105-1	BARCODE000113-1	9
BARCODE000105-1	BARCODE000115-1	8
BARCODE000105-1	BARCODE000117-1	10
BARCODE000105-1	BARCODE000119-1	6
BARCODE000105-1	BARCODE000121-1	16
BARCODE000105-1	BARCODE000123-1	7
BARCODE000105-1	BARCODE000126-1	4
BARCODE000105-1	BARCODE000127-1	7
BARCODE000105-1	BARCODE000129-1	6
BARCODE000105-1	BARCODE000132-1	14
BARCODE000105-1	BARCODE000133-1	12
BARCODE000105-1	BARCODE000134-1	8
BARCODE000105-1	BARCODE000138-1	3
BARCODE000105-1	BARCODE000139-1	4
BARCODE000105-1	BARCODE000140-1	25
BARCODE000105-1	BARCODE000141-1	9
BARCODE000105-1	BARCODE000142-1	12
BARCODE000105-1	BARCODE000143-1	11
BARCODE000105-1	BARCODE000145-1	20
BARCODE000105-1	BARCODE000146-1	9
BARCODE000105-1	BARCODE000147-1	9
BARCODE000105-1	BARCODE000148-1	19
BARCODE000105-1	BARCODE000150-1	9
BARCODE000106-1	BARCODE000107-1	15
BARCODE000106-1	BARCODE000109-1	15
BARCODE000106-1	BARCODE000110-1	4
BARCODE000106-1	BARCODE000111-1	55
BARCODE000106-1	BARCODE000113-1	25
BARCODE000106-1	BARCODE000115-1	5
BARCODE000106-1	BARCODE000120-1	7
BARCODE000106-1	BARCODE000121-1	2
BARCODE000106-1	BARCODE000122-1	17
BARCODE000106-1	BARCODE000129-1	14
BARCODE000106-1	BARCODE000130-1	13
BARCODE000106-1	BARCODE000131-1	13
BARCODE000106-1	BARCODE000132-1	19
BARCODE000106-1	BARCODE000133-1	7
BARCODE000106-1	BARCODE000134-1	8
BARCODE000106-1	BARCODE000136-1	2
BARCODE000106-1	BARCODE000139-1	9
BARCODE000106-1	BARCODE000140-1	16
BARCODE000106-1	BARCODE000142-1	16
BARCODE000106-1	BARCODE000143-1	3
BARCODE000106-1	BARCODE000146-1	2
BARCODE000106-1	BARCODE000148-1	9
BARCODE000106-1	BARCODE000150-1	19
BARCODE000107-1	BARCODE000109-1	24
BARCODE000107-1	BARCODE000110-1	17
BARCODE000107-1	BARCODE000112-1	8
BARCODE000107-1	BARCODE000113-1	4
BARCODE000107-1	BARCODE000115-1	22
BARCODE000107-1	BARCODE000116-1	22
BARCODE000107-1	BARCODE000117-1	6
BARCODE000107-1	BARCODE000119-1	5
BARCODE000107-1	BARCODE000121-1	21
BARCODE000107-1	BARCODE000122-1	6
BARCODE000107-1	BARCODE000127-1	11
BARCODE000107-1	BARCODE000128-1	4
BARCODE000107-1	BARCODE000130-1	3
BARCODE000107-1	BARCODE000131-1	20
BARCODE000107-1	BARCODE000133-1	7
BARCODE000107-1	BARCODE000136-1	5
BARCODE000107-1	BARCODE000138-1	35
BARCODE000107-1	BARCODE000139-1	23
BARCODE000107-1	BARCODE000142-1	20
BARCODE000107-1	BARCODE000143-1	16
BARCODE000107-1	BARCODE000144-1	16
BARCODE000107-1	BARCODE000146-1	12
BARCODE000107-1	BARCODE000148-1	21
BARCODE000107-1	BARCODE000149-1	16
BARCODE000108-1	BARCODE000109-1	16
BARCODE000108-1	BARCODE000116-1	9
BARCODE000108-1	BARCODE000118-1	18
BARCODE000108-1	BARCODE000121-1	24
BARCODE000108-1	BARCODE000123-1	7
BARCODE000108-1	BARCODE000124-1	27
BARCODE000108-1	BARCODE000125-1	4
BARCODE000108-1	BARCODE000126-1	6
BARCODE000108-1	BARCODE000127-1	15
BARCODE000108-1	BARCODE000131-1	2
BARCODE000108-1	BARCODE000134-1	7
BARCODE000108-1	BARCODE000135-1	20
BARCODE000108-1	BARCODE000136-1	3
BARCODE000108-1	BARCODE000138-1	8
BARCODE000108-1	BARCODE000145-1	28
BARCODE000108-1	BARCODE000146-1	14
BARCODE000108-1	BARCODE000147-1	18
BARCODE000108-1	BARCODE000149-1	34
BARCODE000109-1	BARCODE000111-1	19
BARCODE000109-1	BARCODE000113-1	2
BARCODE000109-1	BARCODE000117-1	7
BARCODE000109-1	BARCODE000118-1	19
BARCODE000109-1	BARCODE000120-1	17
BARCODE000109-1	BARCODE000125-1	21
BARCODE000109-1	BARCODE000126-1	7
BARCODE000109-1	BARCODE000127-1	7
BARCODE000109-1	BARCODE000128-1	10
BARCODE000109-1	BARCODE000129-1	33
BARCODE000109-1	BARCODE000130-1	12
BARCODE000109-1	BARCODE000131-1	44
BARCODE000109-1	BARCODE000133-1	16
BARCODE000109-1	BARCODE000135-1	17
BARCODE000109-1	BARCODE000137-1	21
BARCODE000109-1	BARCODE000139-1	3
BARCODE000109-1	BARCODE000141-1	8
BARCODE000109-1	BARCODE000142-1	29
BARCODE000109-1	BARCODE000146-1	23
BARCODE000109-1	BARCODE000147-1	4
BARCODE000109-1	BARCODE000150-1	12
BARCODE000110-1	BARCODE000116-1	3
BARCODE000110-1	BARCODE000117-1	9
BARCODE000110-1	BARCODE000121-1	18
BARCODE000110-1	BARCODE000122-1	30
BARCODE000110-1	BARCODE000123-1	4
BARCODE000110-1	BARCODE000124-1	10
BARCODE000110-1	BARCODE000125-1	6
BARCODE000110-1	BARCODE000126-1	5
BARCODE000110-1	BARCODE000127-1	15
BARCODE000110-1	BARCODE000129-1	5
BARCODE000110-1	BARCODE000130-1	25
BARCODE000110-1	BARCODE000131-1	7
BARCODE000110-1	BARCODE000132-1	14
BARCODE000110-1	BARCODE000134-1	51
BARCODE000110-1	BARCODE000135-1	4
BARCODE000110-1	BARCODE000136-1	5
BARCODE000110-1	BARCODE000137-1	19
BARCODE000110-1	BARCODE000138-1	4
BARCODE000110-1	BARCODE000143-1	19
BARCODE000110-1	BARCODE000147-1	19
BARCODE000110-1	BARCODE000150-1	9
BARCODE000111-1	BARCODE000114-1	3
BARCODE000111-1	BARCODE000115-1	4
BARCODE000111-1	BARCODE000116-1	6
BARCODE000111-1	BARCODE000117-1	8
BARCODE000111-1	BARCODE000119-1	19
BARCODE000111-1	BARCODE000120-1	9
BARCODE000111-1	BARCODE000122-1	12
BARCODE000111-1	BARCODE000127-1	6
BARCODE000111-1	BARCODE000129-1	9
BARCODE000111-1	BARCODE000131-1	19
BARCODE000111-1	BARCODE000132-1	20
BARCODE000111-1	BARCODE000136-1	38
BARCODE000111-1	BARCODE000137-1	19
BARCODE000111-1	BARCODE000138-1	3
BARCODE000111-1	BARCODE000139-1	39
BARCODE000111-1	BARCODE000140-1	17
BARCODE000111-1	BARCODE000141-1	5
BARCODE000111-1	BARCODE000142-1	8
BARCODE000111-1	BARCODE000143-1	19
BARCODE000111-1	BARCODE000144-1	25
BARCODE000111-1	BARCODE000146-1	9
BARCODE000112-1	BARCODE000113-1	9
BARCODE000112-1	BARCODE000114-1	15
BARCODE000112-1	BARCODE000115-1	25
BARCODE000112-1	BARCODE000121-1	21
BARCODE000112-1	BARCODE000125-1	23
BARCODE000112-1	BARCODE000127-1	3
BARCODE000112-1	BARCODE000128-1	16
BARCODE000112-1	BARCODE000129-1	19
BARCODE000112-1	BARCODE000131-1	11
BARCODE000112-1	BARCODE000132-1	8
BARCODE000112-1	BARCODE000133-1	12
BARCODE000112-1	BARCODE000136-1	18
BARCODE000112-1	BARCODE000140-1	7
BARCODE000112-1	BARCODE000148-1	30
BARCODE000112-1	BARCODE000150-1	17
BARCODE000113-1	BARCODE000114-1	6
BARCODE000113-1	BARCODE000116-1	22
BARCODE000113-1	BARCODE000117-1	25
BARCODE000113-1	BARCODE000119-1	21
BARCODE000113-1	BARCODE000120-1	6
BARCODE000113-1	BARCODE000122-1	6
BARCODE000113-1	BARCODE000126-1	18
BARCODE000113-1	BARCODE000127-1	19
BARCODE000113-1	BARCODE000129-1	10
BARCODE000113-1	BARCODE000130-1	5
BARCODE000113-1	BARCODE000131-1	13
BARCODE000113-1	BARCODE000133-1	24
BARCODE000113-1	BARCODE000134-1	13
BARCODE000113-1	BARCODE000136-1	24
BARCODE000113-1	BARCODE000141-1	15
BARCODE000113-1	BARCODE000143-1	2
BARCODE000113-1	BARCODE000144-1	2
BARCODE000113-1	BARCODE000146-1	17
BARCODE000113-1	BARCODE000147-1	3
BARCODE000113-1	BARCODE000150-1	18
BARCODE000114-1	BARCODE000116-1	8
BARCODE000114-1	BARCODE000119-1	3
BARCODE000114-1	BARCODE000120-1	11
BARCODE000114-1	BARCODE000122-1	2
BARCODE000114-1	BARCODE000124-1	2
BARCODE000114-1	BARCODE000126-1	3
BARCODE000114-1	BARCODE000128-1	4
BARCODE000114-1	BARCODE000129-1	21
BARCODE000114-1	BARCODE000130-1	6
BARCODE000114-1	BARCODE000131-1	13
BARCODE000114-1	BARCODE000136-1	19
BARCODE000114-1	BARCODE000138-1	2
BARCODE000114-1	BARCODE000139-1	14
BARCODE000114-1	BARCODE000142-1	11
BARCODE000114-1	BARCODE000143-1	22
BARCODE000114-1	BARCODE000144-1	5
BARCODE000114-1	BARCODE000146-1	5
BARCODE000114-1	BARCODE000148-1	10
BARCODE000114-1	BARCODE000150-1	33
BARCODE000115-1	BARCODE000116-1	9
BARCODE000115-1	BARCODE000120-1	16
BARCODE000115-1	BARCODE000128-1	3
BARCODE000115-1	BARCODE000129-1	39
BARCODE000115-1	BARCODE000131-1	3
BARCODE000115-1	BARCODE000132-1	5
BARCODE000115-1	BARCODE000133-1	31
BARCODE000115-1	BARCODE000137-1	61
BARCODE000115-1	BARCODE000139-1	34
BARCODE000115-1	BARCODE000142-1	6
BARCODE000115-1	BARCODE000143-1	8
BARCODE000115-1	BARCODE000144-1	12
BARCODE000115-1	BARCODE000148-1	12
BARCODE000115-1	BARCODE000150-1	5
BARCODE000116-1	BARCODE000117-1	19
BARCODE000116-1	BARCODE000118-1	10
BARCODE000116-1	BARCODE000120-1	37
BARCODE000116-1	BARCODE000122-1	3
BARCODE000116-1	BARCODE000123-1	14
BARCODE000116-1	BARCODE000124-1	20
BARCODE000116-1	BARCODE000126-1	17
BARCODE000116-1	BARCODE000132-1	11
BARCODE000116-1	BARCODE000133-1	3
BARCODE000116-1	BARCODE000134-1	10
BARCODE000116-1	BARCODE000135-1	23
BARCODE000116-1	BARCODE000136-1	4
BARCODE000116-1	BARCODE000137-1	6
BARCODE000116-1	BARCODE000138-1	13
BARCODE000116-1	BARCODE000139-1	5
BARCODE000116-1	BARCODE000140-1	20
BARCODE000116-1	BARCODE000143-1	6
BARCODE000116-1	BARCODE000145-1	5
BARCODE000116-1	BARCODE000146-1	20
BARCODE000116-1	BARCODE000150-1	11
BARCODE000117-1	BARCODE000118-1	37
BARCODE000117-1	BARCODE000120-1	6
BARCODE000117-1	BARCODE000121-1	23
BARCODE000117-1	BARCODE000122-1	19
BARCODE000117-1	BARCODE000124-1	5
BARCODE000117-1	BARCODE000125-1	10
BARCODE000117-1	BARCODE000129-1	20
BARCODE000117-1	BARCODE000130-1	27
BARCODE000117-1	BARCODE000131-1	25
BARCODE000117-1	BARCODE000134-1	33
BARCODE000117-1	BARCODE000135-1	3
BARCODE000117-1	BARCODE000138-1	6
BARCODE000117-1	BARCODE000140-1	13
BARCODE000117-1	BARCODE000141-1	9
BARCODE000117-1	BARCODE000144-1	2
BARCODE000117-1	BARCODE000145-1	14
BARCODE000117-1	BARCODE000146-1	8
BARCODE000117-1	BARCODE000147-1	26
BARCODE000117-1	BARCODE000148-1	8
BARCODE000117-1	BARCODE000150-1	10
BARCODE000118-1	BARCODE000121-1	30
BARCODE000118-1	BARCODE000123-1	8
BARCODE000118-1	BARCODE000127-1	2
BARCODE000118-1	BARCODE000128-1	26
BARCODE000118-1	BARCODE000130-1	29
BARCODE000118-1	BARCODE000131-1	18
BARCODE000118-1	BARCODE000132-1	26
BARCODE000118-1	BARCODE000133-1	8
BARCODE000118-1	BARCODE000134-1	14
BARCODE000118-1	BARCODE000135-1	4
BARCODE000118-1	BARCODE000138-1	50
BARCODE000118-1	BARCODE000140-1	25
BARCODE000118-1	BARCODE000145-1	11
BARCODE000118-1	BARCODE000147-1	9
BARCODE000118-1	BARCODE000148-1	44
BARCODE000119-1	BARCODE000120-1	38
BARCODE000119-1	BARCODE000121-1	5
BARCODE000119-1	BARCODE000122-1	3
BARCODE000119-1	BARCODE000129-1	5
BARCODE000119-1	BARCODE000130-1	4
BARCODE000119-1	BARCODE000131-1	19
BARCODE000119-1	BARCODE000132-1	18
BARCODE000119-1	BARCODE000133-1	17
BARCODE000119-1	BARCODE000139-1	13
BARCODE000119-1	BARCODE000143-1	6
BARCODE000119-1	BARCODE000145-1	6
BARCODE000119-1	BARCODE000148-1	6
BARCODE000120-1	BARCODE000122-1	14
BARCODE000120-1	BARCODE000126-1	15
BARCODE000120-1	BARCODE000128-1	9
BARCODE000120-1	BARCODE000129-1	5
BARCODE000120-1	BARCODE000133-1	9
BARCODE000120-1	BARCODE000134-1	10
BARCODE000120-1	BARCODE000135-1	3
BARCODE000120-1	BARCODE000136-1	39
BARCODE000120-1	BARCODE000137-1	16
BARCODE000120-1	BARCODE000138-1	3
BARCODE000120-1	BARCODE000139-1	25
BARCODE000120-1	BARCODE000140-1	14
BARCODE000120-1	BARCODE000143-1	10
BARCODE000120-1	BARCODE000144-1	9
BARCODE000120-1	BARCODE000145-1	30
BARCODE000120-1	BARCODE000147-1	15
BARCODE000120-1	BARCODE000148-1	7
BARCODE000120-1	BARCODE000150-1	3
BARCODE000121-1	BARCODE000122-1	6
BARCODE000121-1	BARCODE000123-1	36
BARCODE000121-1	BARCODE000125-1	7
BARCODE000121-1	BARCODE000127-1	4
BARCODE000121-1	BARCODE000128-1	8
BARCODE000121-1	BARCODE000131-1	2
BARCODE000121-1	BARCODE000134-1	20
BARCODE000121-1	BARCODE000138-1	2
BARCODE000121-1	BARCODE000139-1	6
BARCODE000121-1	BARCODE000146-1	2
BARCODE000121-1	BARCODE000147-1	4
BARCODE000121-1	BARCODE000149-1	34
BARCODE000122-1	BARCODE000124-1	12
BARCODE000122-1	BARCODE000126-1	12
BARCODE000122-1	BARCODE000128-1	24
BARCODE000122-1	BARCODE000130-1	8
BARCODE000122-1	BARCODE000131-1	12
BARCODE000122-1	BARCODE000132-1	16
BARCODE000122-1	BARCODE000134-1	8
BARCODE000122-1	BARCODE000137-1	9
BARCODE000122-1	BARCODE000138-1	17
BARCODE000122-1	BARCODE000139-1	2
BARCODE000122-1	BARCODE000140-1	6
BARCODE000122-1	BARCODE000141-1	9
BARCODE000122-1	BARCODE000144-1	14
BARCODE000122-1	BARCODE000145-1	5
BARCODE000122-1	BARCODE000149-1	3
BARCODE000122-1	BARCODE000150-1	25
BARCODE000123-1	BARCODE000124-1	2
BARCODE000123-1	BARCODE000125-1	13
BARCODE000123-1	BARCODE000127-1	5
BARCODE000123-1	BARCODE000128-1	37
BARCODE000123-1	BARCODE000130-1	6
BARCODE000123-1	BARCODE000141-1	21
BARCODE000123-1	BARCODE000144-1	9
BARCODE000123-1	BARCODE000145-1	11
BARCODE000123-1	BARCODE000146-1	5
BARCODE000123-1	BARCODE000147-1	13
BARCODE000123-1	BARCODE000148-1	8
BARCODE000124-1	BARCODE000125-1	22
BARCODE000124-1	BARCODE000126-1	18
BARCODE000124-1	BARCODE000127-1	6
BARCODE000124-1	BARCODE000130-1	11
BARCODE000124-1	BARCODE000132-1	2
BARCODE000124-1	BARCODE000134-1	2
BARCODE000124-1	BARCODE000135-1	39
BARCODE000124-1	BARCODE000136-1	2
BARCODE000124-1	BARCODE000137-1	13
BARCODE000124-1	BARCODE000140-1	21
BARCODE000124-1	BARCODE000141-1	45
BARCODE000124-1	BARCODE000145-1	3
BARCODE000124-1	BARCODE000146-1	24
BARCODE000125-1	BARCODE000126-1	57
BARCODE000125-1	BARCODE000128-1	16
BARCODE000125-1	BARCODE000130-1	16
BARCODE000125-1	BARCODE000132-1	3
BARCODE000125-1	BARCODE000133-1	2
BARCODE000125-1	BARCODE000134-1	28
BARCODE000125-1	BARCODE000136-1	18
BARCODE000125-1	BARCODE000138-1	13
BARCODE000125-1	BARCODE000139-1	3
BARCODE000125-1	BARCODE000141-1	35
BARCODE000125-1	BARCODE000142-1	6
BARCODE000125-1	BARCODE000144-1	3
BARCODE000125-1	BARCODE000145-1	5
BARCODE000125-1	BARCODE000146-1	13
BARCODE000125-1	BARCODE000147-1	16
BARCODE000125-1	BARCODE000150-1	21
BARCODE000126-1	BARCODE000127-1	15
BARCODE000126-1	BARCODE000130-1	16
BARCODE000126-1	BARCODE000132-1	6
BARCODE000126-1	BARCODE000135-1	43
BARCODE000126-1	BARCODE000136-1	33
BARCODE000126-1	BARCODE000138-1	50
BARCODE000126-1	BARCODE000139-1	5
BARCODE000126-1	BARCODE000144-1	14
BARCODE000126-1	BARCODE000145-1	6
BARCODE000126-1	BARCODE000146-1	3
BARCODE000126-1	BARCODE000147-1	12
BARCODE000126-1	BARCODE000150-1	16
BARCODE000127-1	BARCODE000128-1	7
BARCODE000127-1	BARCODE000130-1	12
BARCODE000127-1	BARCODE000131-1	11
BARCODE000127-1	BARCODE000133-1	2
BARCODE000127-1	BARCODE000134-1	30
BARCODE000127-1	BARCODE000135-1	28
BARCODE000127-1	BARCODE000136-1	3
BARCODE000127-1	BARCODE000138-1	5
BARCODE000127-1	BARCODE000139-1	14
BARCODE000127-1	BARCODE000140-1	5
BARCODE000127-1	BARCODE000143-1	35
BARCODE000127-1	BARCODE000146-1	26
BARCODE000127-1	BARCODE000147-1	29
BARCODE000127-1	BARCODE000148-1	15
BARCODE000127-1	BARCODE000149-1	9
BARCODE000127-1	BARCODE000150-1	15
BARCODE000128-1	BARCODE000129-1	18
BARCODE000128-1	BARCODE000130-1	19
BARCODE000128-1	BARCODE000132-1	40
BARCODE000128-1	BARCODE000133-1	12
BARCODE000128-1	BARCODE000134-1	4
BARCODE000128-1	BARCODE000136-1	15
BARCODE000128-1	BARCODE000137-1	5
BARCODE000128-1	BARCODE000138-1	19
BARCODE000128-1	BARCODE000141-1	3
BARCODE000128-1	BARCODE000144-1	4
BARCODE000128-1	BARCODE000145-1	18
BARCODE000128-1	BARCODE000146-1	17
BARCODE000128-1	BARCODE000147-1	9
BARCODE000128-1	BARCODE000148-1	14
BARCODE000129-1	BARCODE000130-1	14
BARCODE000129-1	BARCODE000131-1	24
BARCODE000129-1	BARCODE000133-1	34
BARCODE000129-1	BARCODE000136-1	5
BARCODE000129-1	BARCODE000141-1	6
BARCODE000129-1	BARCODE000142-1	10
BARCODE000129-1	BARCODE000144-1	4
BARCODE000129-1	BARCODE000146-1	11
BARCODE000129-1	BARCODE000150-1	15
BARCODE000130-1	BARCODE000134-1	8
BARCODE000130-1	BARCODE000136-1	3
BARCODE000130-1	BARCODE000138-1	2
BARCODE000130-1	BARCODE000139-1	4
BARCODE000130-1	BARCODE000140-1	5
BARCODE000130-1	BARCODE000141-1	32
BARCODE000130-1	BARCODE000142-1	10
BARCODE000130-1	BARCODE000145-1	12
BARCODE000130-1	BARCODE000146-1	10
BARCODE000130-1	BARCODE000147-1	19
BARCODE000130-1	BARCODE000148-1	5
BARCODE000130-1	BARCODE000149-1	10
BARCODE000130-1	BARCODE000150-1	36
BARCODE000131-1	BARCODE000132-1	5
BARCODE000131-1	BARCODE000135-1	2
BARCODE000131-1	BARCODE000138-1	8
BARCODE000131-1	BARCODE000139-1	16
BARCODE000131-1	BARCODE000142-1	13
BARCODE000131-1	BARCODE000143-1	33
BARCODE000131-1	BARCODE000148-1	8
BARCODE000131-1	BARCODE000150-1	16
BARCODE000132-1	BARCODE000133-1	10
BARCODE000132-1	BARCODE000134-1	20
BARCODE000132-1	BARCODE000136-1	15
BARCODE000132-1	BARCODE000137-1	5
BARCODE000132-1	BARCODE000138-1	19
BARCODE000132-1	BARCODE000143-1	6
BARCODE000132-1	BARCODE000145-1	22
BARCODE000132-1	BARCODE000146-1	40
BARCODE000132-1	BARCODE000147-1	2
BARCODE000132-1	BARCODE000150-1	7
BARCODE000133-1	BARCODE000137-1	5
BARCODE000133-1	BARCODE000138-1	2
BARCODE000133-1	BARCODE000140-1	9
BARCODE000133-1	BARCODE000142-1	2
BARCODE000133-1	BARCODE000143-1	38
BARCODE000133-1	BARCODE000148-1	15
BARCODE000134-1	BARCODE000137-1	19
BARCODE000134-1	BARCODE000138-1	11
BARCODE000134-1	BARCODE000139-1	18
BARCODE000134-1	BARCODE000144-1	10
BARCODE000134-1	BARCODE000145-1	7
BARCODE000134-1	BARCODE000146-1	9
BARCODE000134-1	BARCODE000148-1	9
BARCODE000135-1	BARCODE000138-1	8
BARCODE000135-1	BARCODE000140-1	22
BARCODE000135-1	BARCODE000143-1	21
BARCODE000135-1	BARCODE000147-1	25
BARCODE000135-1	BARCODE000149-1	43
BARCODE000136-1	BARCODE000139-1	3
BARCODE000136-1	BARCODE000142-1	23
BARCODE000136-1	BARCODE000143-1	37
BARCODE000136-1	BARCODE000145-1	23
BARCODE000136-1	BARCODE000146-1	6
BARCODE000136-1	BARCODE000147-1	12
BARCODE000136-1	BARCODE000148-1	15
BARCODE000136-1	BARCODE000150-1	10
BARCODE000137-1	BARCODE000138-1	28
BARCODE000137-1	BARCODE000139-1	36
BARCODE000137-1	BARCODE000142-1	14
BARCODE000137-1	BARCODE000143-1	27
BARCODE000137-1	BARCODE000144-1	22
BARCODE000137-1	BARCODE000145-1	13
BARCODE000137-1	BARCODE000147-1	15
BARCODE000137-1	BARCODE000148-1	20
BARCODE000138-1	BARCODE000139-1	16
BARCODE000138-1	BARCODE000140-1	45
BARCODE000138-1	BARCODE000141-1	7
BARCODE000138-1	BARCODE000145-1	10
BARCODE000138-1	BARCODE000147-1	36
BARCODE000138-1	BARCODE000149-1	26
BARCODE000138-1	BARCODE000150-1	21
BARCODE000139-1	BARCODE000141-1	11
BARCODE000139-1	BARCODE000142-1	24
BARCODE000139-1	BARCODE000143-1	5
BARCODE000139-1	BARCODE000144-1	28
BARCODE000139-1	BARCODE000145-1	7
BARCODE000139-1	BARCODE000146-1	9
BARCODE000139-1	BARCODE000148-1	7
BARCODE000139-1	BARCODE000150-1	3
BARCODE000140-1	BARCODE000142-1	4
BARCODE000140-1	BARCODE000144-1	18
BARCODE000140-1	BARCODE000145-1	21
BARCODE000140-1	BARCODE000146-1	12
BARCODE000140-1	BARCODE000147-1	4
BARCODE000140-1	BARCODE000148-1	23
BARCODE000140-1	BARCODE000149-1	11
BARCODE000140-1	BARCODE000150-1	44
BARCODE000141-1	BARCODE000142-1	13
BARCODE000141-1	BARCODE000144-1	29
BARCODE000141-1	BARCODE000145-1	22
BARCODE000141-1	BARCODE000146-1	15
BARCODE000141-1	BARCODE000148-1	9
BARCODE000141-1	BARCODE000149-1	9
BARCODE000141-1	BARCODE000150-1	11
BARCODE000142-1	BARCODE000143-1	15
BARCODE000143-1	BARCODE000145-1	14
BARCODE000143-1	BARCODE000146-1	5
BARCODE000143-1	BARCODE000148-1	3
BARCODE000143-1	BARCODE000149-1	11
BARCODE000143-1	BARCODE000150-1	11
BARCODE000144-1	BARCODE000145-1	3
BARCODE000144-1	BARCODE000146-1	11
BARCODE000144-1	BARCODE000147-1	26
BARCODE000144-1	BARCODE000148-1	25
BARCODE000144-1	BARCODE000149-1	18
BARCODE000144-1	BARCODE000150-1	8
BARCODE000145-1	BARCODE000146-1	36
BARCODE000145-1	BARCODE000148-1	13
BARCODE000145-1	BARCODE000150-1	4
BARCODE000146-1	BARCODE000148-1	14
BARCODE000146-1	BARCODE000149-1	13
BARCODE000146-1	BARCODE000150-1	2
BARCODE000147-1	BARCODE000148-1	6
BARCODE000147-1	BARCODE000149-1	27
BARCODE000147-1	BARCODE000150-1	38
BARCODE000148-1	BARCODE000149-1	12
BARCODE000148-1	BARCODE000150-1	13
BARCODE000149-1	BARCODE000150-1	7
